1,1,397.50000000000006,1.8133333333333332,163.8,123.30666666666666,1,-1,-1,-1
1,2,636.9000000000001,132.37333333333333,169.19999999999993,172.26666666666662,1,-1,-1,-1
1,3,896.1000658008121,288.32,152.99999999999997,177.7066666666666,1,-1,-1,-1
1,4,1140.8999999999976,469.6533333333333,185.39999999999952,187.04501742160252,1,-1,-1,-1
1,5,1356.8998965987257,524.0533333333337,192.6000752009268,208.5333333333334,1,-1,-1,-1
1,6,1549.4998965987245,340.90666666666664,131.40000000000015,163.2,1,-1,-1,-1
1,7,1673.7,803.3066666666666,131.39999999999986,116.05333333333327,1,-1,-1,-1
1,8,1308.3,351.78666666666663,106.20000000000003,112.42666666666663,1,-1,-1,-1
1,9,1209.2999640212793,50.77333333333334,79.19999999999983,163.20000000000002,1,-1,-1,-1
2,1,397.5000000000003,1.8133333333333335,163.8,123.30666666666666,1,-1,-1,-1
2,2,645.9000470005799,136.0,169.19999999999993,172.26666666666662,1,-1,-1,-1
2,3,890.7000376004642,304.64000000000004,152.99999999999997,177.7066666666666,1,-1,-1,-1
2,4,1146.3000282003475,469.6533333333335,185.39999999999984,179.52000000000004,1,-1,-1,-1
2,5,1358.6999059988418,529.4933333333337,192.6000752009268,208.53333333333336,1,-1,-1,-1
2,6,1545.899962399536,340.9066666666663,147.60000000000048,175.89333333333366,1,-1,-1,-1
2,7,1616.1000136779799,805.1200000000001,190.79999572214103,134.18666666666624,1,-1,-1,-1
2,8,1313.700028200348,360.85333333333335,106.20000000000003,112.42666666666663,1,-1,-1,-1
2,9,1212.8999743009144,58.026666666666706,79.19999999999982,165.01333333333332,1,-1,-1,-1
3,1,397.49999999999983,3.4743270099368075,163.79999999999984,125.27233965672987,1,-1,-1,-1
3,2,645.9000470005799,141.44,169.19999999999993,172.26666666666662,1,-1,-1,-1
3,3,894.3000564006959,306.4533333333333,152.99999999999997,177.7066666666666,1,-1,-1,-1
3,4,1151.700056400696,478.72000000000025,185.39999999999986,166.82666666666663,1,-1,-1,-1
3,5,1351.4999529994216,536.7466666666674,208.8000752009278,208.5333333333334,1,-1,-1,-1
3,6,1551.2999717996515,337.27999999999975,144.00000000000125,183.14666666666687,1,-1,-1,-1
3,7,1601.7000433042815,805.12,210.59999429618648,137.81333333333268,1,-1,-1,-1
3,8,1313.700028200348,369.92,106.20000000000003,112.42666666666663,1,-1,-1,-1
3,9,1218.299989720366,65.28000000000006,79.19999999999982,165.01333333333332,1,-1,-1,-1
4,1,397.49999999999983,2.8649683830172017,163.79999999999984,133.13503161698264,1,-1,-1,-1
4,2,645.9000470005799,146.88000000000005,169.19999999999993,172.26666666666662,1,-1,-1,-1
4,3,894.3000564006959,308.26666666666665,152.99999999999997,177.7066666666666,1,-1,-1,-1
4,4,1149.9000470005801,485.9733333333336,185.39999999999986,166.82666666666663,1,-1,-1,-1
4,5,1351.4999811997695,544.0000000000009,214.20007520092682,194.02666666666653,1,-1,-1,-1
4,6,1558.4999905998834,339.0933333333336,140.40000000000242,192.21333333333303,1,-1,-1,-1
4,7,1610.7000331263728,814.1866666666676,201.59999494434743,126.93333333333337,1,-1,-1,-1
4,8,1313.700028200348,380.79999999999995,106.20000000000003,112.42666666666663,1,-1,-1,-1
4,9,1225.5000102796353,70.72000000000006,79.19999999999982,165.01333333333332,1,-1,-1,-1
5,1,408.3000564006958,2.2556097560975745,163.79999999999978,140.9977235772357,1,-1,-1,-1
5,2,653.1000846010436,146.88000000000008,169.19999999999993,172.26666666666662,1,-1,-1,-1
5,3,903.300103401276,313.7066666666667,152.99999999999997,177.7066666666666,1,-1,-1,-1
5,4,1162.5001128013919,491.4133333333336,185.39999999999986,166.82666666666663,1,-1,-1,-1
5,5,1358.7000094001169,549.4400000000006,212.40007520092823,203.09333333333336,1,-1,-1,-1
5,6,1549.5000470005803,349.97333333333347,160.19999999999933,184.96,1,-1,-1,-1
5,7,1616.1000613267217,819.6266666666679,214.19999403692168,143.2533333333323,1,-1,-1,-1
5,8,1320.9000658008122,380.79999999999995,106.20000000000003,112.42666666666663,1,-1,-1,-1
5,9,1230.9000256990873,68.90666666666674,79.19999999999982,165.01333333333332,1,-1,-1,-1
6,1,419.1001128013929,3.6266666666666643,163.8000000000001,160.34833207925752,1,-1,-1,-1
6,2,656.700103401276,152.3200000000001,169.19999999999993,185.36523702031593,1,-1,-1,-1
6,3,910.5001410017397,322.7733333333333,152.99999999999997,177.7066666666666,1,-1,-1,-1
6,4,1167.9001410017397,498.666666666667,185.39999999999986,166.82666666666663,1,-1,-1,-1
6,5,1362.300056400697,553.0666666666673,217.80007520092784,208.5333333333334,1,-1,-1,-1
6,6,1553.1000470005804,357.2266666666671,156.5999999999998,181.33333333333306,1,-1,-1,-1
6,7,1617.900070726833,819.6266666666666,199.79999507397866,146.87999999999994,1,-1,-1,-1
6,8,1320.9000658008122,378.95119137195894,106.20000000000003,123.34214196137458,1,-1,-1,-1
6,9,1230.9000256990873,72.53333333333342,79.19999999999982,165.01333333333332,1,-1,-1,-1
6,10,216.95112225884034,1.0074074074074186,129.51250633268694,35.3821138211382,1,-1,-1,-1
7,1,419.10011280139247,14.506666666666675,163.8,145.06666666666658,1,-1,-1,-1
7,2,660.3001222015079,161.38666666666674,169.19999999999993,172.26666666666662,1,-1,-1,-1
7,3,910.5001410017397,326.4,152.99999999999997,177.7066666666666,1,-1,-1,-1
7,4,1171.5001598019714,489.6000000000003,185.39999999999984,177.70666666666656,1,-1,-1,-1
7,5,1367.7000564006978,547.6266666666676,212.4000752009283,208.5333333333334,1,-1,-1,-1
7,6,1553.100084601043,359.04000000000025,163.8000000000032,183.1466666666667,1,-1,-1,-1
7,7,1621.5001181163111,825.0666666666673,205.1999946850818,150.50666666666635,1,-1,-1,-1
7,8,1324.5000846010441,391.6800000000001,106.20000000000003,112.42666666666663,1,-1,-1,-1
7,9,1225.5000102796357,70.7200000000001,79.19999999999982,165.01333333333332,1,-1,-1,-1
7,10,216.95112225884046,1.0074074074074186,129.51250633268694,35.3821138211382,1,-1,-1,-1
8,1,410.3195471938309,0.04422764227643086,172.58056560756233,164.9691056910566,1,-1,-1,-1
8,2,660.300122201508,153.5583739837398,169.19999999999982,185.5349593495935,1,-1,-1,-1
8,3,910.5001410017397,330.02666666666676,152.99999999999997,177.7066666666666,1,-1,-1,-1
8,4,1164.5196035945257,489.60000000000025,194.1805656075612,181.33333333333357,1,-1,-1,-1
8,5,1365.9000564006967,554.8800000000016,214.20007520092753,208.5333333333328,1,-1,-1,-1
8,6,1556.7000282003446,356.2536585365858,149.40000000000123,189.55967479674774,1,-1,-1,-1
8,7,1621.500146705561,830.5066666666678,217.7999937776605,143.253333333333,1,-1,-1,-1
8,8,1324.5001316016235,389.8666666666665,118.79999999999986,121.4933333333333,1,-1,-1,-1
8,9,1229.1000205592704,74.34666666666678,79.19999999999982,165.01333333333332,1,-1,-1,-1
8,10,220.18675721479036,1.0074074074074175,129.51250633268697,38.25691056910568,1,-1,-1,-1
8,11,827.700000518532,1.0074074074074073,127.79999831477912,34.45333333333335,1,-1,-1,-1
9,1,420.90012220150885,10.880000000000019,163.80000000000007,163.19999999999996,1,-1,-1,-1
9,2,660.3001222015079,172.26666666666674,169.19999999999993,172.26666666666662,1,-1,-1,-1
9,3,914.1001598019717,324.5866666666671,152.99999999999997,177.7066666666666,1,-1,-1,-1
9,4,1173.3001692020878,496.853333333334,185.39999999999986,179.51999999999967,1,-1,-1,-1
9,5,1371.3000564006963,562.1333333333343,208.8000752009281,199.46666666666653,1,-1,-1,-1
9,6,1562.100047000579,368.10666666666714,147.60000000000144,177.70666666666656,1,-1,-1,-1
9,7,1623.3001751651714,832.320000000001,214.19999403691958,139.62666666666607,1,-1,-1,-1
9,8,1319.1001612279256,393.49333333333385,125.99999857404642,126.93333333333308,1,-1,-1,-1
9,9,1236.3000411185399,79.78666666666679,79.19999999999982,165.01333333333332,1,-1,-1,-1
9,10,223.4223921707403,1.0074074074074169,129.51250633268697,41.13170731707316,1,-1,-1,-1
9,11,831.3000002592681,1.0074074074074075,127.79999831477912,34.453333333333354,1,-1,-1,-1
10,1,428.10015980197323,10.70308943089433,163.80000000000015,159.75024390243914,1,-1,-1,-1
10,2,672.9001880023193,164.43837398373992,169.1999999999999,185.53495934959344,1,-1,-1,-1
10,3,919.5001880023193,331.8400000000005,152.99999999999997,177.7066666666666,1,-1,-1,-1
10,4,1176.90018800232,502.2933333333341,190.79999999999941,181.33333333333357,1,-1,-1,-1
10,5,1374.9000658008138,571.2000000000007,207.0000752009277,194.02666666666664,1,-1,-1,-1
10,6,1567.1049149988069,371.1583739837403,142.20000000000223,183.32357723577175,1,-1,-1,-1
10,7,1632.300212636006,839.5733333333342,212.399994166553,145.06666666666612,1,-1,-1,-1
10,8,1344.3001880023198,388.2744715447157,106.2,121.27219512195124,1,-1,-1,-1
10,9,1240.5750533256062,80.92000000000013,79.19999999999982,176.49777777777774,1,-1,-1,-1
10,10,226.65802712669023,1.0074074074074157,129.51250633268697,44.00650406504063,1,-1,-1,-1
10,11,838.4999997407409,1.007407407407407,127.79999831477915,43.52000000000002,1,-1,-1,-1
11,1,414.5341793888556,15.34699186991879,179.16598981323352,164.17300813008126,1,-1,-1,-1
11,2,678.3002162026675,162.22699186991883,169.1999999999999,187.7463414634144,1,-1,-1,-1
11,3,919.5001880023193,342.7200000000005,152.99999999999997,177.7066666666666,1,-1,-1,-1
11,4,1172.3342545897813,498.09170731707326,200.76598981323298,180.0949593495933,1,-1,-1,-1
11,5,1376.7001034012778,563.9466666666677,212.40007520092738,208.5333333333334,1,-1,-1,-1
11,6,1561.7486611820223,386.2400000000004,153.35141401890556,163.19999999999996,1,-1,-1,-1
11,7,1637.7002503661001,841.3866666666668,214.1999940369209,141.43999999999986,1,-1,-1,-1
11,8,1341.6002068025518,394.51056910569145,112.50000000000034,116.84943089430897,1,-1,-1,-1
11,9,1244.8500655326723,82.0533333333335,79.19999999999982,187.98222222222216,1,-1,-1,-1
11,10,229.89366208264013,1.0074074074074149,129.512506332687,46.88130081300811,1,-1,-1,-1
11,11,841.7399995074036,1.007407407407407,127.79999831477915,45.33333333333336,1,-1,-1,-1
12,1,431.70017860220435,19.946666666666694,163.80000000000007,163.2,1,-1,-1,-1
12,2,671.100178602204,177.7066666666668,169.19999999999993,172.26666666666662,1,-1,-1,-1
12,3,926.700225602783,346.3466666666673,152.99999999999997,177.7066666666666,1,-1,-1,-1
12,4,1189.5002538031306,507.73333333333426,185.39999999999986,181.33333333333326,1,-1,-1,-1
12,5,1383.9001316016252,573.0133333333345,210.60007520092685,206.7199999999999,1,-1,-1,-1
12,6,1564.558415978704,377.3944715447155,157.74169682268646,180.89105691056923,1,-1,-1,-1
12,7,1641.3002405770892,845.0133333333346,208.79999442581604,148.693333333332,1,-1,-1,-1
12,8,1338.900225602784,400.7466666666671,118.80000000000068,112.42666666666666,1,-1,-1,-1
12,9,1249.1250777397386,83.18666666666684,79.19999999999982,199.46666666666655,1,-1,-1,-1
12,10,233.12929703859007,1.0074074074074137,129.51250633268702,49.756097560975576,1,-1,-1,-1
12,11,844.979999274066,1.007407407407407,127.79999831477915,47.14666666666669,1,-1,-1,-1
13,1,437.10020680255246,39.893333333333366,163.8,148.69333333333327,1,-1,-1,-1
13,2,676.5002068025518,175.89333333333354,169.19999999999993,172.26666666666662,1,-1,-1,-1
13,3,937.5002820034787,351.78666666666754,142.1999999999996,168.64000000000004,1,-1,-1,-1
13,4,1187.7002444030152,504.10666666666737,185.39999999999986,179.5199999999999,1,-1,-1,-1
13,5,1383.9001692020893,573.0133333333342,217.80007520092713,208.5333333333334,1,-1,-1,-1
13,6,1578.3001410017391,386.2400000000007,149.4000000000007,179.52,1,-1,-1,-1
13,7,1639.5002692959658,846.8266666666683,215.9999939072904,139.62666666666655,1,-1,-1,-1
13,8,1347.9002068025525,402.56000000000023,106.20000000000003,112.42666666666663,1,-1,-1,-1
13,9,1253.4000899468047,84.32000000000016,79.19999999999982,192.57599999999994,1,-1,-1,-1
13,10,236.36493199453997,1.007407407407413,129.51250633268702,52.63089430894306,1,-1,-1,-1
13,11,848.2199990407288,1.0074074074074073,127.79999831477917,48.96000000000002,1,-1,-1,-1
14,1,446.10025380313266,19.9466666666667,163.80000000000015,168.64000000000004,1,-1,-1,-1
14,2,681.9002350029,184.96000000000024,169.19999999999993,172.26666666666662,1,-1,-1,-1
14,3,930.300244403015,353.6000000000009,152.99999999999997,177.7066666666666,1,-1,-1,-1
14,4,1194.9002820034789,514.9866666666676,185.39999999999986,166.82666666666663,1,-1,-1,-1
14,5,1387.500169202089,576.6400000000017,214.20007520092727,195.83999999999966,1,-1,-1,-1
14,6,1578.3001786022028,386.2400000000008,156.600000000002,179.51999999999967,1,-1,-1,-1
14,7,1643.1002499772069,841.3866666666667,223.19999442581707,155.94666666666626,1,-1,-1,-1
14,8,1353.3002350028999,404.3733333333337,106.20000000000003,112.42666666666663,1,-1,-1,-1
14,9,1257.6751021538707,85.45333333333349,79.19999999999982,185.68533333333326,1,-1,-1,-1
14,10,239.60056695048988,1.007407407407412,129.51250633268705,55.50569105691054,1,-1,-1,-1
14,11,851.4599988073912,1.0074074074074073,127.79999831477917,50.773333333333355,1,-1,-1,-1
15,1,447.9002632032501,25.386666666666713,163.80000000000007,168.64000000000013,1,-1,-1,-1
15,2,692.7002914035954,184.96000000000024,169.19999999999993,172.26666666666662,1,-1,-1,-1
15,3,933.9002632032467,351.7866666666676,152.99999999999997,177.7066666666666,1,-1,-1,-1
15,4,1200.3003102038267,522.240000000001,185.39999999999986,166.82666666666663,1,-1,-1,-1
15,5,1391.1002068025543,569.3866666666682,217.8000752009275,208.53333333333336,1,-1,-1,-1
15,6,1583.700197402434,378.9866666666677,154.80000000000123,188.58666666666662,1,-1,-1,-1
15,7,1648.5002686478051,845.013333333336,206.99999455545267,132.3733333333331,1,-1,-1,-1
15,8,1358.700263203248,406.1866666666671,106.20000000000003,112.42666666666663,1,-1,-1,-1
15,9,1261.9501143609368,86.58666666666682,79.19999999999982,178.79466666666664,1,-1,-1,-1
15,10,242.8362019064398,1.007407407407411,129.51250633268705,58.38048780487802,1,-1,-1,-1
15,11,854.6999985740539,1.0074074074074073,127.7999983147792,52.586666666666694,1,-1,-1,-1
16,1,453.3002914035961,39.89333333333338,163.8,148.69333333333327,1,-1,-1,-1
16,2,692.7002914035957,181.33333333333368,169.19999999999993,172.26666666666662,1,-1,-1,-1
16,3,944.7003196039424,355.4133333333342,152.99999999999997,177.7066666666666,1,-1,-1,-1
16,4,1205.7003384041745,525.8666666666677,185.39999999999986,166.82666666666663,1,-1,-1,-1
16,5,1401.9002068025534,574.8266666666681,207.00007520092694,208.5333333333334,1,-1,-1,-1
16,6,1580.1002350028978,382.6133333333341,165.6000000000019,172.2666666666671,1,-1,-1,-1
16,7,1653.9002682589085,845.0133333333343,201.59999494434618,148.69333333333293,1,-1,-1,-1
16,8,1364.1002914035957,406.1866666666671,106.20000000000003,112.42666666666663,1,-1,-1,-1
16,9,1266.225126568003,87.72000000000014,79.19999999999982,171.90399999999997,1,-1,-1,-1
16,10,246.07183686238972,1.00740740740741,129.51250633268708,61.255284552845495,1,-1,-1,-1
16,11,860.0999981851572,1.0074074074074073,127.7999983147792,52.586666666666694,1,-1,-1,-1
17,1,455.10030080371246,27.421138211382143,163.80000000000007,157.5388617886178,1,-1,-1,-1
17,2,698.1003196039435,181.33333333333377,169.19999999999993,172.26666666666662,1,-1,-1,-1
17,3,946.5003290040584,355.4133333333342,152.99999999999997,177.7066666666666,1,-1,-1,-1
17,4,1185.1538017836103,516.8000000000012,209.54655542079476,166.82666666666657,1,-1,-1,-1
17,5,1383.9439435856557,571.2000000000015,226.756347817943,208.5333333333333,1,-1,-1,-1
17,6,1577.3342075892,397.1200000000004,161.16598981323438,163.2,1,-1,-1,-1
17,7,1657.500287059144,852.2666666666681,201.59999494434766,141.4400000000002,1,-1,-1,-1
17,8,1341.7537453829161,404.3733333333337,130.34655542079506,112.42666666666658,1,-1,-1,-1
17,9,1270.5001387750688,88.85333333333347,79.19999999999982,165.01333333333332,1,-1,-1,-1
17,10,249.30747181833962,1.0074074074074093,129.51250633268708,64.13008130081298,1,-1,-1,-1
17,11,865.4999977962608,1.0074074074074075,127.7999983147792,52.586666666666694,1,-1,-1,-1
18,1,460.50032900405944,30.826666666666707,163.8,157.7599999999999,1,-1,-1,-1
18,2,701.7003384041756,184.96000000000046,169.19999999999993,172.26666666666662,1,-1,-1,-1
18,3,950.1003478042899,353.6000000000009,152.99999999999997,177.7066666666666,1,-1,-1,-1
18,4,1205.7003384041745,520.4266666666676,185.39999999999986,166.82666666666663,1,-1,-1,-1
18,5,1400.100225602786,565.7600000000017,212.40007520092715,208.5333333333334,1,-1,-1,-1
18,6,1592.7002256027813,382.61333333333397,151.20000000000186,179.51999999999995,1,-1,-1,-1
18,7,1655.7003348375158,850.4533333333346,212.3999941665532,137.81333333333328,1,-1,-1,-1
18,8,1367.7003102038277,404.3733333333338,106.20000000000003,112.42666666666663,1,-1,-1,-1
18,9,1273.200146484795,87.94666666666681,82.20000856636219,165.01333333333332,1,-1,-1,-1
18,10,257.8700999199488,1.0074074074074086,129.51250633268708,61.6154239256678,1,-1,-1,-1
18,11,872.6999972777326,1.0074074074074075,127.7999983147792,52.586666666666694,1,-1,-1,-1
19,1,469.50037600463924,25.38666666666672,163.8,165.01333333333335,1,-1,-1,-1
19,2,707.1003666045234,184.96000000000046,169.19999999999993,172.26666666666662,1,-1,-1,-1
19,3,957.3003854047538,353.6000000000009,152.99999999999997,177.7066666666666,1,-1,-1,-1
19,4,1209.3003572044063,518.6133333333345,185.39999999999986,166.82666666666663,1,-1,-1,-1
19,5,1398.9585569804485,565.7600000000016,218.94177202361416,208.5333333333334,1,-1,-1,-1
19,6,1589.3196975956844,382.61333333333357,161.78056560756252,179.51999999999995,1,-1,-1,-1
19,7,1661.100372567611,850.4533333333347,214.199994036922,141.43999999999937,1,-1,-1,-1
19,8,1373.1003384041758,404.3733333333338,106.20000000000003,112.42666666666663,1,-1,-1,-1
19,9,1275.9001541945206,87.04000000000015,85.20001713272458,165.01333333333332,1,-1,-1,-1
19,10,266.43272802155803,1.0074074074074082,129.51250633268708,59.10076655052262,1,-1,-1,-1
19,11,879.8999967592042,1.0074074074074075,127.7999983147792,52.586666666666694,1,-1,-1,-1
20,1,454.74899958619903,23.034075309414117,182.03367233268207,159.71454257676461,1,-1,-1,-1
20,2,721.5004418054509,183.1466666666672,169.19999999999993,172.26666666666662,1,-1,-1,-1
20,3,945.1392823899781,349.9733333333341,170.5611312151247,177.70666666666656,1,-1,-1,-1
20,4,1217.6586143747693,505.8023256304747,172.30015880834318,176.01100770285962,1,-1,-1,-1
20,5,1419.3172972155653,571.9960975609775,217.0829011805017,201.18586050437875,1,-1,-1,-1
20,6,1608.9002538031316,377.00858921599735,140.40000000000035,181.49807745066997,1,-1,-1,-1
20,7,1668.3003911085766,850.4533333333347,210.59999429618722,132.3733333333331,1,-1,-1,-1
20,8,1383.9003948048717,404.3733333333338,106.20000000000003,112.42666666666663,1,-1,-1,-1
20,9,1278.600161904247,86.13333333333348,88.20002569908695,165.01333333333332,1,-1,-1,-1
20,10,274.99535612316726,1.007407407407408,129.51250633268708,56.58610917537745,1,-1,-1,-1
20,11,883.49999649994,1.0074074074074073,127.7999983147792,52.586666666666694,1,-1,-1,-1
21,1,476.16420088418647,21.61879075656864,168.19028280378103,159.71454257676467,1,-1,-1,-1
21,2,720.9875869176855,177.6360620449515,175.11288308811388,177.7772712883823,1,-1,-1,-1
21,3,969.121399258478,349.97333333333415,153.77905194708921,168.52232563047363,1,-1,-1,-1
21,4,1225.0343025839893,502.1285892159973,187.6661486215772,179.68474411733644,1,-1,-1,-1
21,5,1425.425370143314,565.7600000000016,214.2152186610536,201.1858605043791,1,-1,-1,-1
21,6,1590.7682929768944,382.56626358552325,162.13197962646652,171.29650064211944,1,-1,-1,-1
21,7,1682.7004281905151,848.6400000000025,212.3999941665532,137.8133333333331,1,-1,-1,-1
21,8,1374.713485139073,404.37333333333385,120.78693786614598,112.42666666666663,1,-1,-1,-1
21,9,1281.3001696139731,85.22666666666683,91.20003426544932,165.01333333333332,1,-1,-1,-1
21,10,283.5579842247765,1.0074074074074075,129.51250633268705,54.07145180023228,1,-1,-1,-1
21,11,890.6999959814112,1.0074074074074075,127.7999983147792,52.586666666666694,1,-1,-1,-1
22,1,480.3004324053351,23.526263585522926,163.8,152.36706974781043,1,-1,-1,-1
22,2,729.0246041880032,170.38272871161828,174.3693347508691,188.83418185748786,1,-1,-1,-1
22,3,966.3004324053342,342.720000000001,152.99999999999997,177.7066666666666,1,-1,-1,-1
22,4,1231.9915009582824,500.3858605043801,180.70895024728162,181.21850106934195,1,-1,-1,-1
22,5,1426.3883998735764,565.7600000000016,220.42886869810206,195.67525588266315,1,-1,-1,-1
22,6,1595.7294711925995,375.3600000000007,166.17084841134587,181.33333333333323,1,-1,-1,-1
22,7,1686.300408871753,846.8266666666683,196.19999533324784,134.1866666666667,1,-1,-1,-1
22,8,1380.3004512055677,400.7466666666671,120.59999999999982,116.05333333333334,1,-1,-1,-1
22,9,1284.0001773236988,84.32000000000018,94.20004283181171,165.01333333333332,1,-1,-1,-1
22,10,288.97057573858075,1.0074074074074073,129.51250633268705,51.5567944250871,1,-1,-1,-1
22,11,897.8999954628823,1.0074074074074075,127.7999983147792,52.586666666666694,1,-1,-1,-1
23,1,487.8367405645777,25.41020154057197,163.8,148.69333333333327,1,-1,-1,-1
23,2,734.7496908906685,168.56939537828495,173.5902828037811,183.32357723577195,1,-1,-1,-1
23,3,971.700460605682,342.720000000001,152.99999999999997,177.7066666666666,1,-1,-1,-1
23,4,1232.8489535792453,502.2227287116187,199.72167452705293,180.09495934959344,1,-1,-1,-1
23,5,1431.8117859070783,554.8800000000026,218.60550146483493,203.02272871161796,1,-1,-1,-1
23,6,1616.3422721104641,364.3858605043795,143.59453326129858,186.86747282895428,1,-1,-1,-1
23,7,1693.5237661863757,835.8054574232358,210.83366792519098,141.39577235772308,1,-1,-1,-1
23,8,1373.769994639691,391.63293025219036,143.5174038321377,112.42666666666669,1,-1,-1,-1
23,9,1286.700185033425,83.41333333333351,97.20005139817408,165.01333333333332,1,-1,-1,-1
23,10,294.3831672523851,1.0074074074074073,129.51250633268705,49.04213704994192,1,-1,-1,-1
23,11,905.0999949443537,1.0074074074074075,127.7999983147792,52.586666666666694,1,-1,-1,-1
24,1,492.46986259452945,10.715255882663339,163.79999999999998,163.38827899124186,1,-1,-1,-1
24,2,735.0981072261382,168.64000000000047,181.9990742427202,177.47416003314788,1,-1,-1,-1
24,3,978.9004982061456,342.720000000001,152.99999999999997,177.7066666666666,1,-1,-1,-1
24,4,1218.5637163822648,498.66666666666805,213.93683822457726,182.30634146341447,1,-1,-1,-1
24,5,1433.518363974584,554.8800000000025,216.78213423156515,199.34899229714017,1,-1,-1,-1
24,6,1605.7392635897465,375.3600000000005,170.5611312151262,175.8933333333336,1,-1,-1,-1
24,7,1688.1004659206103,834.133333333335,205.19999468508257,141.44000000000045,1,-1,-1,-1
24,8,1405.5005076062637,395.30666666666735,106.20000000000003,112.42666666666663,1,-1,-1,-1
24,9,1294.1879908696437,89.91479674796764,97.20005139817408,163.2442276422764,1,-1,-1,-1
24,10,299.79575876618935,1.0074074074074073,129.51250633268705,46.527479674796744,1,-1,-1,-1
24,11,908.6999946850892,1.0074074074074084,127.7999983147792,52.586666666666694,1,-1,-1,-1
25,1,500.1005358066103,1.8133333333333972,163.80000000000007,165.01333333333332,1,-1,-1,-1
25,2,747.139491538346,161.38666666666754,175.96109917157196,183.32357723577215,1,-1,-1,-1
25,3,978.9004982061458,335.4666666666678,153.0,168.63999999999993,1,-1,-1,-1
25,4,1245.1686726084188,482.34666666666783,198.13191019877272,183.7216260162607,1,-1,-1,-1
25,5,1448.963643527157,554.8800000000034,201.33685467899167,189.60390243902413,1,-1,-1,-1
25,6,1631.334477197791,364.48000000000127,115.63881537895622,179.52000000000035,1,-1,-1,-1
25,7,1704.3005219324086,826.8800000000016,199.79999507398003,134.18666666666675,1,-1,-1,-1
25,8,1407.3005170063802,393.493333333334,106.20000000000003,112.42666666666663,1,-1,-1,-1
25,9,1301.6757967058627,96.4162601626018,97.20005139817411,161.4751219512195,1,-1,-1,-1
25,10,305.72264055129386,1.0074074074074078,129.51250633268708,44.27186991869919,1,-1,-1,-1
25,11,919.4999939072957,1.0074074074074073,127.7999983147792,39.89333333333337,1,-1,-1,-1
26,1,507.3443635960961,5.440000000000066,159.40971719621936,159.750243902439,1,-1,-1,-1
26,2,733.749198269701,150.50666666666737,191.15141401890511,189.9577235772356,1,-1,-1,-1
26,3,993.3005734070732,328.2133333333344,153.00000000000003,170.4533333333333,1,-1,-1,-1
26,4,1258.3833233873536,478.72000000000156,192.16109917157618,183.10243902439052,1,-1,-1,-1
26,5,1453.6172060320273,548.2016260162629,214.5514892198316,189.82504065040666,1,-1,-1,-1
26,6,1633.3539558123534,362.66666666666697,139.34644860895196,180.89105691056983,1,-1,-1,-1
26,7,1709.7443143813584,816.1769105691093,203.40002763606228,148.69333333333336,1,-1,-1,-1
26,8,1400.1005078225846,377.17333333333414,129.6000694276953,125.11999999999986,1,-1,-1,-1
26,9,1309.1636025420817,102.91772357723595,97.20005139817411,159.70601626016264,1,-1,-1,-1
26,10,311.6495223363984,1.0074074074074082,129.5125063326871,42.016260162601625,1,-1,-1,-1
27,1,516.1249373227058,1.0074074074074078,163.80000000000007,154.1333333333332,1,-1,-1,-1
27,2,757.1492798759691,150.46243902439093,178.20002670295943,186.77333333333326,1,-1,-1,-1
27,3,993.124910619744,317.90829268292816,152.99999999999997,177.7066666666666,1,-1,-1,-1
27,4,1255.1784650055663,478.0565853658549,211.74169682268595,179.52000000000012,1,-1,-1,-1
27,5,1451.5977436555593,539.5330081300838,216.7466306217228,208.53333333333336,1,-1,-1,-1
27,6,1639.5004900870988,355.4133333333346,156.60000000000136,163.20000000000005,1,-1,-1,-1
27,7,1715.10054974386,812.3733333333355,203.39999546287584,143.253333333334,1,-1,-1,-1
27,8,1415.5540861329084,376.95219512195206,106.20000000000003,112.42666666666663,1,-1,-1,-1
27,9,1311.5513638733669,106.09474254742564,97.20005139817411,157.93691056910572,1,-1,-1,-1
27,10,317.5764041215029,1.0074074074074086,129.51250633268714,39.76065040650407,1,-1,-1,-1
28,1,518.934639994536,4.191797651309841,163.8,148.69333333333327,1,-1,-1,-1
28,2,754.3394985926461,146.83577235772444,178.19999999999956,181.33333333333348,1,-1,-1,-1
28,3,1004.3200453999757,312.24715447154614,152.99999999999997,177.7066666666666,1,-1,-1,-1
28,4,1259.3492439892127,474.4299186991886,197.9999999999991,179.52000000000046,1,-1,-1,-1
28,5,1458.9297155956174,538.5157723577264,217.8000752009269,197.6533333333336,1,-1,-1,-1
28,6,1638.5345083929121,348.5138211382124,154.80000000000072,172.26666666666668,1,-1,-1,-1
28,7,1717.4000050556563,809.1004878048801,201.5999949443481,141.43999999999951,1,-1,-1,-1
28,8,1413.7540367865145,368.8585365853667,106.20000000000003,123.30666666666663,1,-1,-1,-1
28,9,1313.9391252046526,109.27176151761533,97.20005139817411,156.16780487804886,1,-1,-1,-1
28,10,324.1032269063945,1.0074074074074006,119.3856516486957,38.29376693766938,1,-1,-1,-1
29,1,522.7541213875537,1.0074074074074075,163.8,148.69333333333327,1,-1,-1,-1
29,2,765.3589893857794,141.39577235772427,169.19999999999993,172.26666666666662,1,-1,-1,-1
29,3,1000.7638197835415,309.4165853658548,152.99999999999997,179.51999999999995,1,-1,-1,-1
29,4,1263.9589799856624,469.27739837398553,196.19999999999968,179.52000000000032,1,-1,-1,-1
29,5,1465.558867184274,525.6013008130104,217.8000752009269,203.09333333333305,1,-1,-1,-1
29,6,1642.9685279797968,340.81821138211546,154.80000000000035,175.8933333333336,1,-1,-1,-1
29,7,1712.0000054445525,800.0338211382126,206.99999455545384,141.4399999999999,1,-1,-1,-1
29,8,1429.5589235849698,361.8263414634153,106.20000000000003,112.42666666666663,1,-1,-1,-1
29,9,1327.3794222857039,80.1404878048782,97.20005139817411,158.37918699186997,1,-1,-1,-1
30,1,536.1007238089289,1.00740740740741,163.8,148.69333333333327,1,-1,-1,-1
30,2,768.3006862084651,117.86666666666744,181.8000000000004,194.02666666666664,1,-1,-1,-1
30,3,1009.500658008118,290.1333333333347,153.00000000000003,179.51999999999987,1,-1,-1,-1
30,4,1268.129833097064,454.9586991869938,199.79999999999953,180.42666666666722,1,-1,-1,-1
30,5,1470.8523501922523,515.5911111111136,214.20007520092685,203.87047619047593,1,-1,-1,-1
30,6,1653.900535806611,331.8400000000013,149.4000000000006,181.33333333333388,1,-1,-1,-1
30,7,1730.0000041482308,783.3600000000008,188.99999585177565,139.6266666666664,1,-1,-1,-1
30,8,1427.1006204076566,355.41333333333404,120.59999999999967,119.67999999999995,1,-1,-1,-1
30,9,1328.8197193667547,63.09810298102998,97.20005139817411,160.5905691056911,1,-1,-1,-1
31,1,541.5007520092768,1.0074074074074078,163.8,148.69333333333327,1,-1,-1,-1
31,2,768.3006862084655,116.05333333333404,178.2000424594397,186.7733333333334,1,-1,-1,-1
31,3,1016.700695608582,295.5733333333345,152.99999999999997,177.7066666666666,1,-1,-1,-1
31,4,1272.3006862084658,440.64000000000203,203.39999999999935,181.33333333333408,1,-1,-1,-1
31,5,1476.1458332002303,505.58092140921667,210.60007520092685,204.64761904761883,1,-1,-1,-1
31,6,1655.700535806611,324.58666666666755,147.60000000000034,179.52000000000055,1,-1,-1,-1
31,7,1733.6000038889651,776.106666666667,185.39999611103843,141.44000000000065,1,-1,-1,-1
31,8,1425.3006110075407,342.720000000001,120.60000000000065,123.3066666666668,1,-1,-1,-1
31,9,1330.2600164478063,46.055718157181765,97.20005139817411,162.80195121951218,1,-1,-1,-1
32,1,545.1007708095087,1.0074074074074075,163.8,148.69333333333327,1,-1,-1,-1
32,2,782.7007614093931,110.61333333333411,169.19999999999996,181.33333333333326,1,-1,-1,-1
32,3,1005.9006392078862,279.2533333333344,153.00000000000003,186.7733333333333,1,-1,-1,-1
32,4,1281.3007332090453,438.82666666666864,185.39999999999986,183.14666666666668,1,-1,-1,-1
32,5,1481.4393162082085,495.5707317073198,207.0000752009268,205.42476190476174,1,-1,-1,-1
32,6,1657.5005358066107,315.5200000000013,145.80000000000314,181.333333333333,1,-1,-1,-1
32,7,1733.600003888967,768.8533333333354,185.39999611103505,130.56000000000012,1,-1,-1,-1
32,8,1430.700639207889,337.2800000000009,118.79999999999994,125.11999999999983,1,-1,-1,-1
32,9,1331.7003135288576,29.013333333333538,97.20005139817411,165.01333333333332,1,-1,-1,-1
33,1,550.5007990098565,1.0074074074074075,163.8,148.69333333333327,1,-1,-1,-1
33,2,784.5007708095088,110.61333333333411,169.19999999999993,172.26666666666662,1,-1,-1,-1
33,3,1014.9006862084653,282.8800000000013,152.99999999999997,177.7066666666666,1,-1,-1,-1
33,4,1279.5007238089293,429.7600000000018,192.60000000000025,183.14666666666662,1,-1,-1,-1
33,5,1484.632684911077,491.3027642276452,203.40007520092675,206.2019047619046,1,-1,-1,-1
33,6,1662.900535806612,306.4533333333348,143.99999999999997,181.33333333333368,1,-1,-1,-1
33,7,1726.400004407495,772.4800000000013,192.5999955925062,116.05333333333327,1,-1,-1,-1
33,8,1436.1006674082375,333.65333333333416,115.20004245943836,123.30666666666666,1,-1,-1,-1
33,9,1334.70032209522,25.386666666666873,97.20005139817411,165.01333333333332,1,-1,-1,-1
33,10,313.53734394202525,1.0074074074073627,111.95137511756276,30.959349593495865,1,-1,-1,-1
34,1,550.5007990098563,1.007407407407407,163.80000000000007,112.42666666666663,1,-1,-1,-1
34,2,784.5007708095088,97.92000000000081,169.19999999999993,179.52,1,-1,-1,-1
34,3,1022.1007238089294,266.56000000000137,153.0,192.21333333333314,1,-1,-1,-1
34,4,1283.100742609162,420.6933333333353,199.79999999999973,177.70666666666665,1,-1,-1,-1
34,5,1487.826053613945,487.0347967479705,199.80007520092667,206.9790476190475,1,-1,-1,-1
34,6,1664.7005358066122,306.45333333333474,144.00000000000017,172.26666666666668,1,-1,-1,-1
34,7,1733.6000038889651,756.1600000000021,185.3999961110376,141.43999999999988,1,-1,-1,-1
34,8,1428.9007050087002,320.9600000000008,120.60000000000025,121.49333333333323,1,-1,-1,-1
34,9,1337.7003306615818,21.760000000000204,97.20005139817411,165.01333333333332,1,-1,-1,-1
35,1,554.1008169018608,1.007407407407407,163.80000000000007,103.35999999999999,1,-1,-1,-1
35,2,786.3007863357408,77.97333333333418,172.79999978027337,192.21333333333328,1,-1,-1,-1
35,3,1036.5007324400037,264.74666666666815,140.40000076904298,168.63999999999945,1,-1,-1,-1
35,4,1284.9007492845944,411.6266666666686,185.39999999999986,166.82666666666663,1,-1,-1,-1
35,5,1499.1194568014773,467.35349593496244,196.20007520092676,207.75619047619043,1,-1,-1,-1
35,6,1664.700573407074,290.1333333333349,145.80000000000013,192.21333333333357,1,-1,-1,-1
35,7,1740.799994748915,734.400000000002,178.20000525108748,137.8133333333337,1,-1,-1,-1
35,8,1448.7007332090482,306.4533333333342,106.20000000000003,132.3733333333332,1,-1,-1,-1
35,9,1340.7003392279441,18.133333333333535,97.20005139817411,165.01333333333332,1,-1,-1,-1
36,1,561.3008554105523,1.0074074074074075,163.80000000000007,112.42666666666663,1,-1,-1,-1
36,2,791.7008084099724,79.78666666666751,169.19999999999993,172.26666666666662,1,-1,-1,-1
36,3,1029.3007568682542,239.36000000000143,153.0000000000001,190.40000000000023,1,-1,-1,-1
36,4,1292.1007896097412,398.9333333333355,185.39999999999984,190.39999999999978,1,-1,-1,-1
36,5,1496.607593388799,463.7915911730575,206.0860552875425,196.97333333333376,1,-1,-1,-1
36,6,1679.1005734070754,293.76000000000136,131.40000000000015,163.2,1,-1,-1,-1
36,7,1742.6000481781552,728.9600000000022,176.3999518218493,154.13333333333273,1,-1,-1,-1
36,8,1448.7007332090482,301.0133333333343,106.2000000000001,125.12000000000008,1,-1,-1,-1
36,9,1340.7003392279441,10.88000000000021,97.20005139817411,165.01333333333332,1,-1,-1,-1
37,1,570.300902411132,1.0074074074074078,163.80000000000007,112.42666666666663,1,-1,-1,-1
37,2,798.9008460104365,68.90666666666758,169.19999999999993,172.26666666666662,1,-1,-1,-1
37,3,1027.5007520092774,242.9866666666681,152.99999999999997,177.7066666666666,1,-1,-1,-1
37,4,1297.5008178100886,393.49333333333567,188.9999997802732,192.2133333333334,1,-1,-1,-1
37,5,1494.0957299761205,456.60301974448623,215.9720353741583,200.69714285714278,1,-1,-1,-1
37,6,1680.9005828071918,275.62666666666814,131.4000000000001,174.08000000000018,1,-1,-1,-1
37,7,1737.2002037544091,719.8933333333356,181.79979624559488,145.06666666666624,1,-1,-1,-1
37,8,1454.1007614093962,308.2666666666677,106.20000000000003,112.42666666666663,1,-1,-1,-1
37,9,1346.100354647396,1.0074074074074078,97.20005139817411,165.01333333333332,1,-1,-1,-1
38,1,568.500893011016,1.0074074074074093,163.80000000000007,112.42666666666663,1,-1,-1,-1
38,2,795.3008272102046,61.65333333333425,169.19999999999993,172.26666666666662,1,-1,-1,-1
38,3,1040.1008178100901,230.29333333333483,153.00000000000009,172.26666666666668,1,-1,-1,-1
38,4,1292.1007896097417,382.61333333333573,185.39999999999984,188.5866666666667,1,-1,-1,-1
38,5,1497.7038797747705,452.3157816492485,210.37790066762906,199.88761904761893,1,-1,-1,-1
38,6,1686.3006110075398,277.44000000000153,131.40000000000015,163.2,1,-1,-1,-1
38,7,1746.2002031062527,712.6400000000021,172.799796893752,141.43999999999994,1,-1,-1,-1
38,8,1459.500789609744,290.13333333333435,106.20000000000003,112.42666666666663,1,-1,-1,-1
38,9,1353.3003752066652,1.0074074074074073,97.20005139817411,157.76,1,-1,-1,-1
39,2,802.5008648106684,56.213333333334276,169.19999999999993,172.26666666666662,1,-1,-1,-1
39,3,1040.1008178100892,217.60000000000153,153.0,194.0266666666668,1,-1,-1,-1
39,4,1293.9007990098576,377.1733333333359,185.39999999999986,181.3333333333338,1,-1,-1,-1
39,5,1501.3120295734202,448.02854355401075,204.78376596109985,199.07809523809513,1,-1,-1,-1
39,6,1689.9006298077722,268.37333333333487,131.40000000000015,163.2,1,-1,-1,-1
39,7,1742.6000912857562,701.7600000000027,176.3999087142531,150.50666666666558,1,-1,-1,-1
39,8,1455.900770809512,284.69333333333446,106.20000000000003,112.42666666666663,1,-1,-1,-1
39,9,1356.3003837730273,1.0074074074074073,97.20005139817411,153.52888888888884,1,-1,-1,-1
40,2,802.5008648106686,39.893333333334304,181.7999992309577,183.1466666666666,1,-1,-1,-1
40,3,1041.9008272102064,203.09333333333504,153.00000000000017,166.8266666666668,1,-1,-1,-1
40,4,1308.3007886209741,359.0400000000026,169.20000098876932,183.14666666666653,1,-1,-1,-1
40,5,1501.3201623882937,428.6301943476613,208.18967371401013,202.1974603174602,1,-1,-1,-1
40,6,1679.100678016849,244.80000000000166,151.19999879150518,184.96000000000015,1,-1,-1,-1
40,7,1746.2002031062527,692.6933333333358,172.79979689375094,137.81333333333416,1,-1,-1,-1
40,8,1461.3007990098602,264.7466666666678,106.20000000000006,136.00000000000014,1,-1,-1,-1
40,9,1359.3003923393892,1.0074074074074073,97.20005139817411,149.29777777777775,1,-1,-1,-1
41,2,809.700902411132,43.520000000000984,169.19999999999993,172.26666666666662,1,-1,-1,-1
41,3,1041.900827210205,208.53333333333492,152.99999999999997,177.7066666666666,1,-1,-1,-1
41,4,1302.9008460104378,359.04000000000235,185.39999999999986,194.02666666666676,1,-1,-1,-1
41,5,1504.0283079409996,426.4585118079786,211.59558146692044,196.25015873015866,1,-1,-1,-1
41,6,1700.7006862084684,259.3066666666683,131.40000000000015,163.2,1,-1,-1,-1
41,7,1760.6002020691917,689.0666666666693,158.39979793080911,134.18666666666684,1,-1,-1,-1
41,8,1464.9008187183201,270.18666666666786,106.20000000000003,112.42666666666663,1,-1,-1,-1
41,9,1362.300400905751,1.0074074074074075,97.20005139817411,145.06666666666663,1,-1,-1,-1
42,2,818.7009494117118,34.45333333333432,169.19999999999993,172.26666666666662,1,-1,-1,-1
42,3,1041.900827210205,201.2800000000016,152.99999999999997,177.7066666666666,1,-1,-1,-1
42,4,1304.700855410555,355.4133333333357,201.59999901122941,184.9600000000003,1,-1,-1,-1
42,5,1503.1364365099291,411.5934959349626,215.0014892198308,208.43619047619046,1,-1,-1,-1
42,6,1680.9006969269442,244.80000000000183,152.99999868164295,174.07999999999987,1,-1,-1,-1
42,7,1755.2000985523812,683.6266666666692,163.79990144762178,139.6266666666664,1,-1,-1,-1
42,8,1468.5008366103243,266.5600000000012,106.20000000000003,112.42666666666663,1,-1,-1,-1
42,9,1361.8503996207967,1.007407407407408,97.20005139817411,139.17333333333332,1,-1,-1,-1
43,2,822.3009682119438,30.82666666666764,169.19999999999993,172.26666666666662,1,-1,-1,-1
43,3,1041.900827210205,194.02666666666823,152.99999999999997,177.7066666666666,1,-1,-1,-1
43,4,1315.5009118112505,362.6666666666691,185.39999999999986,166.82666666666663,1,-1,-1,-1
43,5,1507.8526724552473,408.3350243902473,214.2247754192007,204.8192380952381,1,-1,-1,-1
43,6,1691.7006392078893,246.613333333335,131.40000000000015,163.2,1,-1,-1,-1
43,7,1755.2001502815006,674.5600000000034,163.79984971850735,141.43999999999986,1,-1,-1,-1
43,8,1473.900864810672,261.1200000000012,106.20000000000003,112.42666666666663,1,-1,-1,-1
43,9,1361.4003983358425,1.0074074074074082,97.20005139817411,133.27999999999997,1,-1,-1,-1
44,2,824.1009885139728,23.573333333334322,169.19999999999993,172.26666666666662,1,-1,-1,-1
44,3,1056.3009896264382,188.58666666666824,152.99999999999997,177.7066666666666,1,-1,-1,-1
44,4,1302.9008045168782,351.7866666666693,199.8001275964024,166.82666666666668,1,-1,-1,-1
44,5,1512.5689084005655,405.0765528455319,213.44806161857062,201.20228571428572,1,-1,-1,-1
44,6,1688.100637776141,232.10666666666833,147.60014354595285,175.89333333333332,1,-1,-1,-1
44,7,1762.4000769079428,670.9333333333362,156.59992309205828,145.06666666666646,1,-1,-1,-1
44,8,1468.5008039045854,248.42666666666796,106.20000000000003,112.42666666666663,1,-1,-1,-1
44,9,1360.9503970508881,1.0074074074074086,97.20005139817411,127.38666666666666,1,-1,-1,-1
45,2,825.901008816002,10.880000000000994,169.19999999999993,172.26666666666662,1,-1,-1,-1
45,3,1056.3009896264382,177.70666666666827,152.99999999999997,177.7066666666666,1,-1,-1,-1
45,4,1326.3010336234256,344.53333333333586,185.39999999999986,166.82666666666663,1,-1,-1,-1
45,5,1517.2851443458842,396.37808130081646,212.6713478179406,197.58533333333338,1,-1,-1,-1
45,6,1704.300781322093,224.8533333333351,131.40000000000015,163.2,1,-1,-1,-1
45,7,1756.9998998946244,649.173333333336,162.00010010538008,137.81333333333347,1,-1,-1,-1
45,8,1468.5008039045854,237.54666666666796,106.20000000000003,112.42666666666663,1,-1,-1,-1
45,9,1360.5003957659335,1.0074074074074093,97.20005139817411,121.49333333333333,1,-1,-1,-1
46,2,829.5010494200604,5.4400000000009925,169.19999999999993,172.26666666666662,1,-1,-1,-1
46,3,1063.5010708345549,168.64000000000166,152.99999999999997,177.7066666666666,1,-1,-1,-1
46,4,1328.1010539254555,340.9066666666693,185.39999999999986,166.82666666666663,1,-1,-1,-1
46,5,1522.0013802912026,387.6796097561009,211.89463401731058,193.96838095238095,1,-1,-1,-1
46,6,1713.300882832239,224.8533333333351,131.40000000000015,163.2,1,-1,-1,-1
46,7,1767.7999604118136,643.7333333333369,151.2000395881877,137.81333333333328,1,-1,-1,-1
46,8,1475.7008851127018,233.92000000000132,106.20000000000003,112.42666666666663,1,-1,-1,-1
46,9,1367.700416325203,1.0074074074074084,97.20005139817411,121.49333333333333,1,-1,-1,-1
47,2,829.5010494200609,1.0074074074074084,169.19999999999993,172.26666666666662,1,-1,-1,-1
47,3,1074.3011926467295,154.13333333333506,152.99999999999997,177.7066666666666,1,-1,-1,-1
47,4,1324.5011194568813,324.5866666666691,198.00003597872032,166.82666666666668,1,-1,-1,-1
47,5,1524.4675776554268,374.9011382113855,211.1179202166805,201.23142857142855,1,-1,-1,-1
47,6,1704.300902619788,203.0933333333352,145.8000411185394,172.26666666666662,1,-1,-1,-1
47,7,1790.2999587914114,640.1066666666701,128.70004120858985,134.18666666666644,1,-1,-1,-1
47,8,1484.7009866228484,215.78666666666808,106.20000000000003,112.42666666666663,1,-1,-1,-1
48,2,840.3011712322358,1.0074074074074104,169.19999999999993,172.26666666666662,1,-1,-1,-1
48,3,1077.9012332507884,150.5066666666684,152.99999999999997,177.7066666666666,1,-1,-1,-1
48,4,1324.5010437887513,304.6400000000026,198.00011164685176,186.7733333333333,1,-1,-1,-1
48,5,1526.933775019651,362.1226666666702,210.3412064160504,208.49447619047612,1,-1,-1,-1
48,6,1722.3009843423856,195.8400000000019,131.40000000000015,163.2,1,-1,-1,-1
48,7,1812.7999571710088,636.4800000000033,106.200042828992,130.55999999999955,1,-1,-1,-1
48,8,1486.501006924878,210.34666666666817,106.20000000000003,112.42666666666663,1,-1,-1,-1
49,2,849.3012727423819,1.0074074074074075,169.19999999999993,172.26666666666662,1,-1,-1,-1
49,3,1081.5012738548469,145.06666666666862,152.99999999999997,177.7066666666666,1,-1,-1,-1
49,4,1329.9011003423598,302.8266666666692,196.20009569730132,181.3333333333333,1,-1,-1,-1
49,5,1527.5999564343256,364.75752845528814,214.06453248929648,198.53085714285717,1,-1,-1,-1
49,6,1727.7010452484742,188.58666666666872,131.40000000000015,163.2,1,-1,-1,-1
49,7,1812.7999571710088,612.9066666666698,106.20004282899201,134.18666666666704,1,-1,-1,-1
49,8,1484.7009866228486,204.90666666666831,106.20000000000003,112.42666666666663,1,-1,-1,-1
50,2,843.9012118362945,1.0074074074074075,169.19999999999996,155.94666666666672,1,-1,-1,-1
50,3,1086.901334760934,110.61333333333536,153.0,197.65333333333322,1,-1,-1,-1
50,4,1333.0511293421923,285.7511111111138,197.70010898859292,184.35555555555553,1,-1,-1,-1
50,5,1528.266137849,367.39239024390616,217.78785856254254,188.5672380952383,1,-1,-1,-1
50,6,1729.5010655505039,166.82666666666873,131.40000000000015,170.45333333333323,1,-1,-1,-1
50,7,1812.7999571710086,612.9066666666698,106.20004282899194,116.05333333333327,1,-1,-1,-1
50,8,1491.9010678309662,177.70666666666833,118.8000594432148,128.74666666666678,1,-1,-1,-1
51,2,838.5011509302074,1.0074074074074073,169.2,132.3733333333334,1,-1,-1,-1
51,3,1094.1014159690508,110.61333333333538,152.99999999999997,177.7066666666666,1,-1,-1,-1
51,4,1336.2011583420247,268.67555555555833,199.20012227988448,187.3777777777777,1,-1,-1,-1
51,5,1542.4324388853017,318.34725203252395,208.01106501416018,208.52361904761898,1,-1,-1,-1
51,6,1716.9010249464463,165.01333333333548,140.40000000000092,177.7066666666666,1,-1,-1,-1
51,7,1823.6000081223353,589.3333333333367,95.39999187766463,134.18666666666695,1,-1,-1,-1
51,8,1491.9010678309662,177.70666666666827,106.2000000000001,121.49333333333334,1,-1,-1,-1
52,2,849.3012727423821,1.0074074074074075,169.2,132.3733333333334,1,-1,-1,-1
52,3,1094.1014159690508,92.48000000000205,152.99999999999997,177.7066666666666,1,-1,-1,-1
52,4,1339.3511873418572,251.60000000000292,200.70013557117608,190.39999999999995,1,-1,-1,-1
52,5,1542.0505473544276,312.98004336043743,211.56262094042577,199.45857142857128,1,-1,-1,-1
52,6,1729.5010655505034,137.8133333333355,131.40000000000012,175.8933333333335,1,-1,-1,-1
52,7,1830.8001601912983,587.520000000003,88.1998398087014,116.05333333333327,1,-1,-1,-1
52,8,1497.3011287370527,159.57333333333494,106.20000000000006,121.49333333333327,1,-1,-1,-1
53,2,851.1012930444112,1.007407407407407,169.2,114.24000000000007,1,-1,-1,-1
53,3,1101.3014971771672,83.41333333333537,152.99999999999997,177.7066666666666,1,-1,-1,-1
53,4,1343.6262322948173,249.10666666666958,193.050067785588,178.61333333333332,1,-1,-1,-1
53,5,1541.6686558235538,309.4261680216844,215.11417686669137,190.39352380952357,1,-1,-1,-1
53,6,1729.5010655505048,139.62666666666885,131.40000000000015,163.2,1,-1,-1,-1
53,7,1827.2001195872404,573.0133333333366,88.1998398087014,116.05333333333327,1,-1,-1,-1
53,8,1499.101149039082,155.94666666666834,106.20000000000003,112.42666666666663,1,-1,-1,-1
54,2,847.501252440353,1.0074074074074084,169.2,114.24000000000007,1,-1,-1,-1
54,3,1095.9014362710802,70.72000000000206,152.99999999999997,177.7066666666666,1,-1,-1,-1
54,4,1347.901277247777,246.61333333333627,185.39999999999986,166.82666666666663,1,-1,-1,-1
54,5,1549.6868387239128,285.62340379404253,215.6657062103727,201.87958730158735,1,-1,-1,-1
54,6,1736.7011467586215,119.68000000000224,131.40000000000015,163.2,1,-1,-1,-1
54,7,1830.8001601912986,567.5733333333366,88.1998398087014,116.05333333333327,1,-1,-1,-1
54,8,1508.1012505492274,141.44000000000167,106.20000000000003,112.42666666666663,1,-1,-1,-1
55,2,847.5012524403534,1.0074074074074084,169.20000000000007,70.72000000000008,1,-1,-1,-1
55,3,1110.3015812773986,34.453333333335415,153.0,184.95999999999995,1,-1,-1,-1
55,4,1362.301422254095,182.240000000003,185.3999999999999,202.18666666666675,1,-1,-1,-1
55,5,1557.7050216242721,256.38063956640025,216.21723555405399,198.85898412698432,1,-1,-1,-1
55,6,1734.9011973174372,81.60000000000228,140.4000424594404,190.3999999999999,1,-1,-1,-1
55,7,1843.4003023055016,504.1066666666707,75.59969769449822,141.4399999999995,1,-1,-1,-1
55,8,1509.901270851257,96.10666666666837,126.00017544505286,137.81333333333345,1,-1,-1,-1
56,2,865.5014554606463,1.007407407407407,138.60000220374525,56.213333333333416,1,-1,-1,-1
56,3,1113.9016392913722,12.693333333335401,153.0,192.2133333333334,1,-1,-1,-1
56,4,1362.3014396640096,175.89333333333644,185.39999999999986,194.02666666666687,1,-1,-1,-1
56,5,1557.6231327516573,229.8578753387578,216.76876489773528,208.5317142857144,1,-1,-1,-1
56,6,1749.3012888728256,74.34666666666892,131.40000000000015,163.2,1,-1,-1,-1
56,7,1843.4003023055013,525.8666666666701,75.59969769449823,116.05333333333327,1,-1,-1,-1
56,8,1509.9012708512569,97.9200000000017,106.20000000000003,112.42666666666663,1,-1,-1,-1
57,2,883.50145416433,1.007407407407407,100.80000492602079,36.266666666666765,1,-1,-1,-1
57,3,1117.5016798954307,2.0659951116141634e-12,153.0,188.58666666666656,1,-1,-1,-1
57,4,1362.3014396640083,163.2000000000031,185.39999999999986,188.586666666667,1,-1,-1,-1
57,5,1558.5013418774158,228.4800000000042,214.20017710358314,197.6533333333334,1,-1,-1,-1
57,6,1749.3012888728256,58.02666666666893,131.40000000000015,163.2,1,-1,-1,-1
57,7,1843.4003023055018,507.7333333333369,75.59969769449823,116.05333333333327,1,-1,-1,-1
57,8,1515.3013317573443,83.41333333333506,106.20000000000003,112.42666666666663,1,-1,-1,-1
58,3,1124.7017611035462,1.0074074074074084,152.99999999999997,177.7066666666666,1,-1,-1,-1
58,4,1369.5015208721254,132.37333333333655,185.3999999999999,201.2800000000001,1,-1,-1,-1
58,5,1565.701434895673,203.0933333333375,216.00018559546962,201.28,1,-1,-1,-1
58,6,1747.501327621503,34.453333333335614,140.4000424594396,179.51999999999995,1,-1,-1,-1
58,7,1843.4003023055018,484.16000000000383,75.59969769449823,116.05333333333327,1,-1,-1,-1
58,8,1518.9013723614025,48.96000000000174,106.20000000000003,112.42666666666663,1,-1,-1,-1
59,3,1126.501781405576,1.0074074074074084,152.99999999999997,148.69333333333336,1,-1,-1,-1
59,4,1373.1015614761848,114.2400000000031,185.39999999999986,192.21333333333325,1,-1,-1,-1
59,5,1572.901433432801,181.3333333333376,192.6000752009268,208.53333333333336,1,-1,-1,-1
59,6,1760.1014106850007,23.573333333335626,131.40000000000015,163.2,1,-1,-1,-1
59,7,1843.4003023055013,475.0933333333371,75.59969769449823,116.05333333333327,1,-1,-1,-1
59,8,1518.9013723614025,43.52000000000176,106.20000000000003,112.42666666666663,1,-1,-1,-1
60,3,1137.3017193328005,1.0074074074074066,140.40000090742416,106.9866666666667,1,-1,-1,-1
60,4,1380.301663115965,76.16000000000311,197.9999990925718,194.02666666666653,1,-1,-1,-1
60,5,1572.901419378385,141.44000000000423,214.20017710357993,192.21333333333388,1,-1,-1,-1
60,6,1751.101368225562,2.2886107823675648e-12,140.40004245944232,163.19999999999996,1,-1,-1,-1
60,7,1829.00030334256,440.6400000000043,89.99969665744409,97.92000000000053,1,-1,-1,-1
60,8,1518.9013314980818,1.0074074074074075,133.20012737831695,116.05333333333334,1,-1,-1,-1
61,3,1128.3018017076051,1.007407407407407,153.0,88.85333333333337,1,-1,-1,-1
61,4,1383.9016832883588,46.24000000000312,185.39999999999986,213.97333333333347,1,-1,-1,-1
61,5,1592.7015858942736,114.24000000000429,192.6000752009268,208.53333333333336,1,-1,-1,-1
61,6,1763.7014512890592,1.007407407407407,131.40000000000012,134.1866666666667,1,-1,-1,-1
61,7,1841.600282003473,411.6266666666705,75.59969769449823,116.05333333333327,1,-1,-1,-1
61,8,1538.7015956837247,1.0074074074074069,106.20000000000003,74.34666666666664,1,-1,-1,-1
62,3,1128.3018017076056,1.007407407407407,153.00000000000003,72.53333333333337,1,-1,-1,-1
62,4,1385.7017035903884,16.32000000000315,185.3999999999999,203.09333333333356,1,-1,-1,-1
62,5,1580.1015264510595,99.73333333333758,205.20013464414197,192.21333333333354,1,-1,-1,-1
62,6,1763.7014512890587,1.007407407407407,131.40000000000012,112.42666666666669,1,-1,-1,-1
62,7,1832.6002513541746,389.8666666666708,86.39974864582987,116.0533333333334,1,-1,-1,-1
63,3,1128.3018017076056,1.007407407407407,153.00000000000009,50.77333333333339,1,-1,-1,-1
63,4,1389.3017441944462,5.440000000003155,185.39999999999984,201.28,1,-1,-1,-1
63,5,1589.101545290215,72.53333333333764,192.6000752009268,208.53333333333336,1,-1,-1,-1
63,6,1752.9013294768843,1.007407407407412,131.4000000000001,92.48,1,-1,-1,-1
63,7,1843.4003023055013,369.92000000000405,75.59969769449823,116.05333333333327,1,-1,-1,-1
64,4,1390.201763050419,3.223703703705282,185.39999999999986,164.10666666666665,1,-1,-1,-1
64,5,1583.7015670551168,61.65333333333768,205.2001346441445,183.14666666666662,1,-1,-1,-1
64,6,1749.3012888728251,1.0074074074074078,131.40000000000006,74.34666666666665,1,-1,-1,-1
64,7,1843.4003023055018,331.8400000000042,75.59969769449823,116.05333333333327,1,-1,-1,-1
65,4,1391.1017819063916,1.0074074074074084,185.39999999999986,126.93333333333332,1,-1,-1,-1
65,5,1592.7016033041896,5.4400000000043285,192.6000752009268,183.14666666666662,1,-1,-1,-1
65,7,1843.4003023055018,275.6266666666709,75.59969769449823,116.05333333333327,1,-1,-1,-1
66,4,1398.3018457045903,1.8133333333364903,143.99953305332994,92.48000000000003,1,-1,-1,-1
66,5,1580.101620932189,1.007407407407407,219.6002025792485,159.57333333333332,1,-1,-1,-1
66,7,1861.4005053257931,257.4933333333376,57.5994946742082,116.0533333333334,1,-1,-1,-1
67,4,1398.30184570459,1.0074074074074129,143.99953305332997,67.09333333333339,1,-1,-1,-1
67,5,1598.1017058510681,1.0074074074074084,201.60011766036772,132.3733333333333,1,-1,-1,-1
67,7,1870.4006068359374,235.73333333333764,48.59939316406193,116.05333333333346,1,-1,-1,-1
68,4,1430.7018433712105,1.0074074074074133,111.59953538671571,38.080000000000055,1,-1,-1,-1
68,5,1594.501606196305,1.0074074074074084,151.19960825425687,99.73333333333342,1,-1,-1,-1
68,7,1870.4006068359374,201.28000000000438,48.59939316406193,116.05333333333346,1,-1,-1,-1
69,5,1594.5016061963036,1.0074074074074086,151.19960825425687,72.53333333333345,1,-1,-1,-1
69,7,1870.4006068359374,174.08000000000442,48.59939316406193,116.05333333333346,1,-1,-1,-1
70,7,1832.6004285062927,96.1066666666711,86.39957149370782,116.05333333333351,1,-1,-1,-1
71,7,1818.2004295433474,61.653333333337805,100.79957045665444,139.6266666666668,1,-1,-1,-1
72,7,1811.0004300618755,32.64000000000448,107.99956993812616,139.6266666666668,1,-1,-1,-1
73,7,1815.5004297377952,16.82370370370594,103.4995702622073,123.30666666666683,1,-1,-1,-1
74,7,1820.0004294137148,1.0074074074074069,98.99957058628844,106.98666666666685,1,-1,-1,-1
145,12,809.7000000000046,967.3125925925931,192.5999984444123,119.68000000000372,1,-1,-1,-1
146,12,809.6999999999999,907.4725925925927,171.0,179.51999999999992,1,-1,-1,-1
146,13,138.30010151015222,998.1392592592597,277.2000000000003,88.85333333333723,1,-1,-1,-1
146,14,426.3000393567629,1030.7792592592596,205.20000000000002,56.2133333333334,1,-1,-1,-1
147,12,800.6998984898562,855.8933333333339,183.60005944321517,204.90666666666607,1,-1,-1,-1
147,13,138.30010151014912,934.6725925925928,277.2000000000002,152.32000000000272,1,-1,-1,-1
147,14,381.49166185455965,970.8529100529108,253.56868405795421,116.13968253968218,1,-1,-1,-1
148,12,797.0998578857968,786.9866666666667,183.60014211420423,213.9733333333348,1,-1,-1,-1
148,13,138.30010151014582,865.7659259259265,277.2000000000002,221.22666666666765,1,-1,-1,-1
148,14,336.6832843523564,910.9265608465626,301.9373681159083,176.06603174603097,1,-1,-1,-1
149,12,800.6998984898545,734.4000000000002,183.60014211420423,206.71999999999963,1,-1,-1,-1
149,13,127.54384237197216,808.137308039746,274.7854332474101,261.12,1,-1,-1,-1
149,14,346.4015849912887,851.0002116402129,295.77937403272375,235.9923809523798,1,-1,-1,-1
150,12,798.8998781878254,602.0266666666672,183.60014211420423,206.71999999999963,1,-1,-1,-1
150,13,143.7001421142042,669.9259259259263,277.20002030202903,270.1866666666678,1,-1,-1,-1
150,14,359.44229663009276,726.3983068783086,277.972073388959,257.2342857142845,1,-1,-1,-1
151,12,798.8998781878258,529.4933333333341,185.40014211420421,221.2266666666663,1,-1,-1,-1
151,13,149.1001015101459,608.2725925925935,268.2000203020288,273.81333333333345,1,-1,-1,-1
151,14,355.9279797762093,659.823068783071,282.5149707854424,252.4850793650776,1,-1,-1,-1
152,12,798.8998781878262,460.5866666666677,192.60014211420432,233.91999999999956,1,-1,-1,-1
152,13,145.50006090608767,541.1792592592601,268.2000203020289,261.1200000000004,1,-1,-1,-1
152,14,352.4136629223259,593.2478306878334,287.05786818192576,247.73587301587074,1,-1,-1,-1
153,12,797.0998578857977,393.4933333333342,201.6001421142038,242.98666666666637,1,-1,-1,-1
153,13,145.50006090608767,463.20592592592703,268.20002030202903,277.4400000000003,1,-1,-1,-1
153,14,348.89934606844247,526.6725925925956,291.60076557840915,242.98666666666384,1,-1,-1,-1
154,12,806.0999593959426,330.0266666666679,201.6001421142044,253.86666666666616,1,-1,-1,-1
154,13,143.7001624162331,399.7392592592603,279.0000203020288,268.3733333333339,1,-1,-1,-1
154,15,1041.8996754348177,925.6059259259257,205.2003232688681,161.38666666666856,1,-1,-1,-1
154,14,342.4278601545836,458.8308994709023,291.6007655784092,243.15936507936226,1,-1,-1,-1
155,12,815.1000609060885,199.4666666666679,183.60014211420423,250.23999999999938,1,-1,-1,-1
155,13,149.1001015101457,261.9259259259271,268.20002030202886,281.06666666666695,1,-1,-1,-1
155,15,964.4996810089965,792.4266666666673,264.60031899100494,235.73333333333377,1,-1,-1,-1
155,16,1236.2996679229432,900.2192592592598,232.20036251579353,186.7733333333346,1,-1,-1,-1
155,17,1529.7000000000012,897.5999999999999,248.40016241623243,186.77333333333317,1,-1,-1,-1
155,18,1821.3001015101459,924.8000000000001,97.20000000000027,159.57333333333344,1,-1,-1,-1
155,14,350.3565018371264,329.33587301587545,291.6007655784092,243.33206349206068,1,-1,-1,-1
156,12,804.2999390939146,137.8133333333345,208.80014211420425,261.11999999999944,1,-1,-1,-1
156,13,145.50018271826238,183.95259259259362,279.00002030202904,293.76000000000033,1,-1,-1,-1
156,15,995.0999390939137,730.7733333333334,228.59999999999982,232.10666666666697,1,-1,-1,-1
156,16,1250.6998172817382,840.3792592592604,214.20020302029167,237.54666666666697,1,-1,-1,-1
156,17,1529.7000000000014,834.1333333333329,248.40016241623238,241.17333333333394,1,-1,-1,-1
156,18,1821.8000000000006,866.7733333333339,97.20000000000027,203.09333333333342,1,-1,-1,-1
156,19,168.89953305333046,963.6859259259257,289.80054815478667,123.30666666666825,1,-1,-1,-1
156,14,353.78510364579336,257.86751322751513,291.6007655784092,243.50476190475914,1,-1,-1,-1
156,20,521.699696958546,819.6266666666666,183.60103672076346,266.56000000000125,1,-1,-1,-1
157,12,807.8999796979728,79.78666666666791,183.60014211420423,250.23999999999938,1,-1,-1,-1
157,13,152.70024362434975,116.85925925926024,277.200020302029,277.4400000000003,1,-1,-1,-1
157,15,975.2999390939142,656.4266666666671,248.39999999999978,241.17333333333374,1,-1,-1,-1
157,16,1254.2998578857967,773.285925925927,214.20020302029167,237.54666666666697,1,-1,-1,-1
157,17,1529.7000000000012,761.6000000000009,248.40016241623243,246.61333333333354,1,-1,-1,-1
157,18,1816.4000000000015,801.4933333333335,102.60000000000025,206.71999999999983,1,-1,-1,-1
157,19,168.89953305333032,898.4059259259254,297.00054815478666,188.5866666666667,1,-1,-1,-1
157,14,353.0136682388433,190.0258201058216,291.6007655784092,243.6774603174576,1,-1,-1,-1
157,20,518.0996650594458,806.9333333333332,183.60103672076346,266.56000000000125,1,-1,-1,-1
158,12,798.8998781878278,3.6266666666679113,219.60054815478668,273.8133333333328,1,-1,-1,-1
158,13,158.10020302029156,46.139259259260314,268.2000203020288,284.69333333333367,1,-1,-1,-1
158,15,973.4999303889574,598.4000000000013,286.20000000000005,279.2533333333328,1,-1,-1,-1
158,16,1247.0998781878254,704.3792592592606,223.20020302029167,237.54666666666697,1,-1,-1,-1
158,17,1527.899979697971,698.1333333333336,248.40016241623243,235.73333333333426,1,-1,-1,-1
158,18,1821.8,730.7733333333339,97.20000000000027,206.72000000000034,1,-1,-1,-1
158,19,168.89971577159278,825.872592592593,313.20054815478665,259.30666666666644,1,-1,-1,-1
158,14,354.0422487814435,116.74412698412804,291.6007655784092,243.85015873015604,1,-1,-1,-1
158,21,1.0000000000000036,908.48,79.2,126.93333333333344,1,-1,-1,-1
158,20,515.2196714392659,728.2346666666664,187.20103672076354,266.5600000000013,1,-1,-1,-1
159,12,782.6996954695658,1.0074074074074075,219.60054815478668,223.0399999999995,1,-1,-1,-1
159,13,159.90022332232056,1.0074074074074075,268.2000203020289,261.1200000000004,1,-1,-1,-1
159,15,998.6999796979728,529.4933333333338,228.59999999999982,232.10666666666697,1,-1,-1,-1
159,16,1256.0998781878257,640.9125925925943,214.20020302029167,237.54666666666697,1,-1,-1,-1
159,17,1527.8999796979717,645.5466666666666,248.4001624162325,223.04000000000096,1,-1,-1,-1
159,18,1821.8,674.5600000000005,97.20000000000027,194.02666666666673,1,-1,-1,-1
159,19,188.6997563756508,767.8459259259262,297.0005481547867,241.17333333333298,1,-1,-1,-1
159,14,355.07082932404364,43.46243386243449,291.6007655784092,244.02285714285452,1,-1,-1,-1
159,21,1.0000000000000036,853.3546666666672,79.2,126.93333333333344,1,-1,-1,-1
159,20,512.339677819086,649.5359999999998,190.8010367207636,266.5600000000013,1,-1,-1,-1
160,12,813.3145749411079,1.0074074074081434,161.0635524961951,142.44740740740374,1,-1,-1,-1
160,13,196.82244101950656,1.0074074074076487,233.07782290686978,99.93481481481481,1,-1,-1,-1
160,15,980.3828165674379,380.71154471544685,271.52713014963706,291.0768563685624,1,-1,-1,-1
160,16,1259.8511316784745,515.718879855467,214.20020302029167,237.54666666666697,1,-1,-1,-1
160,17,1535.5536995658608,505.23692863595306,248.4001624162325,223.04000000000096,1,-1,-1,-1
160,18,1821.7999999999977,535.3018970189707,97.20000000000012,176.33560975609672,1,-1,-1,-1
160,19,176.99235724393162,613.0147786811204,297.00054815478666,241.17333333333298,1,-1,-1,-1
160,22,492.8997157715928,921.9792592592594,288.0004669466696,165.01333333333463,1,-1,-1,-1
160,14,356.0994098666438,1.0074074074074073,291.6007655784092,146.8799999999972,1,-1,-1,-1
160,21,1.0000000000000018,722.0693333333339,79.2,126.93333333333344,1,-1,-1,-1
160,20,509.459684198906,570.8373333333332,194.40103672076367,266.56000000000137,1,-1,-1,-1
161,13,306.6224331119472,1.0074074074074084,108.87783185149269,43.721481481481504,1,-1,-1,-1
161,15,1011.3001218121796,295.5733333333343,255.59999999999914,317.333333333334,1,-1,-1,-1
161,16,1261.4999390939126,446.88592592592784,214.20020302029167,257.49333333333357,1,-1,-1,-1
161,17,1531.5000203020306,435.1999999999998,248.4001624162325,223.04000000000096,1,-1,-1,-1
161,18,1821.7999999999997,469.65333333333416,97.20000000000027,217.6000000000002,1,-1,-1,-1
161,19,194.09981728173835,530.2992592592598,297.0005481547867,284.6933333333327,1,-1,-1,-1
161,22,492.8997157715927,847.6325925925923,288.0004669466696,239.36000000000033,1,-1,-1,-1
161,14,393.8997448071983,1.0074074074074069,253.80043063785587,79.7866666666639,1,-1,-1,-1
161,21,1.0000000000000013,656.0640000000003,79.2,126.93333333333344,1,-1,-1,-1
161,20,506.5796905787261,492.1386666666665,198.00103672076372,266.56000000000137,1,-1,-1,-1
162,15,1007.7000812081196,286.50666666666757,228.59999999999982,244.8000000000002,1,-1,-1,-1
162,16,1261.499939093911,379.792592592595,214.20020302029167,257.4933333333336,1,-1,-1,-1
162,17,1533.3000406040603,366.2933333333332,248.4001624162325,223.04000000000096,1,-1,-1,-1
162,18,1821.8000000000004,406.1866666666675,97.20000000000027,194.02666666666673,1,-1,-1,-1
162,19,172.49975754233782,455.9525925925933,313.20054698809764,281.06666666666604,1,-1,-1,-1
162,22,491.09969546956313,775.0992592592594,288.0004669466696,299.2000000000001,1,-1,-1,-1
162,21,1.0000000000000007,590.0586666666669,79.2,126.93333333333344,1,-1,-1,-1
162,20,521.6996969585462,413.4399999999998,183.60103672076346,266.56000000000125,1,-1,-1,-1
163,15,977.1001218121787,232.10666666666793,280.80000000000194,299.20000000000016,1,-1,-1,-1
163,16,1261.4999390939145,303.6325925925948,226.80020302029124,268.3733333333334,1,-1,-1,-1
163,17,1536.9000812081185,308.2666666666665,248.4001624162325,223.04000000000096,1,-1,-1,-1
163,18,1821.8000000000004,342.720000000001,97.20000000000027,194.02666666666673,1,-1,-1,-1
163,19,172.49973607362182,374.3525925925935,311.4005481547867,291.94666666666654,1,-1,-1,-1
163,22,471.29975637565127,693.4992592592596,329.4004669466703,331.8400000000008,1,-1,-1,-1
163,23,7.953362591003189,976.3792592592592,254.7224271614468,110.61333333333373,1,-1,-1,-1
163,21,1.0,524.0533333333334,79.2,126.93333333333344,1,-1,-1,-1
163,20,521.6996969585462,330.93333333333317,183.60103672076346,266.56000000000125,1,-1,-1,-1
164,15,975.29991879189,145.06666666666746,268.1999999999999,324.5866666666675,1,-1,-1,-1
164,16,1254.2999796979716,232.91259259259513,230.40020302029208,277.44000000000017,1,-1,-1,-1
164,17,1536.9000812081176,226.66666666666674,248.4001624162325,228.48000000000076,1,-1,-1,-1
164,18,1832.6000000000001,272.00000000000085,86.40000000000158,194.02666666666673,1,-1,-1,-1
164,19,190.49977667767996,298.19259259259366,297.0005481547867,299.1999999999997,1,-1,-1,-1
164,22,469.49963456347683,610.0859259259265,313.20046694667,351.7866666666674,1,-1,-1,-1
164,23,15.899674753957843,894.7792592592599,243.00050796430608,150.50666666666672,1,-1,-1,-1
164,21,0.9999999999999667,432.93333333333356,79.20000000000002,145.51999999999992,1,-1,-1,-1
164,20,521.6996969585462,248.42666666666653,183.60103672076346,266.56000000000125,1,-1,-1,-1
164,24,1065.2997683087233,959.2533333333336,167.39989702609827,125.11999999999973,1,-1,-1,-1
164,25,766.4999485130503,932.8592592592595,286.20101686727537,154.13333333333458,1,-1,-1,-1
165,15,978.8997563756591,1.0074074074074084,289.79999999999745,324.58666666666755,1,-1,-1,-1
165,16,1263.2999593959423,95.09925925926144,226.8002030202914,268.37333333333385,1,-1,-1,-1
165,17,1553.1000406040598,94.29333333333331,248.40016241623283,275.6266666666679,1,-1,-1,-1
165,18,1836.200000000002,184.96000000000106,82.80000000000159,170.45333333333357,1,-1,-1,-1
165,19,176.0998578857967,162.1925925925933,298.80054815478735,284.69333333333253,1,-1,-1,-1
165,22,467.69953305333166,466.83259259259256,324.0004669466689,353.60000000000144,1,-1,-1,-1
165,23,1.499860399731299,758.7792592592609,255.60030201650315,293.7599999999997,1,-1,-1,-1
165,26,1304.6399999999996,851.5413333333333,165.12000000000106,131.527111111111,1,-1,-1,-1
165,27,1778.8399999999992,912.9125925925923,140.1599999999994,174.0799999999998,1,-1,-1,-1
165,21,1.0000000000000488,314.6133333333337,79.20000000000002,123.60888888888881,1,-1,-1,-1
165,20,521.6996969585462,165.91999999999987,183.60103672076346,266.56000000000125,1,-1,-1,-1
165,24,1058.0997168217734,837.7600000000008,181.79999999999913,192.2133333333331,1,-1,-1,-1
165,25,773.6999098978364,785.979259259262,253.80101686727522,210.34666666666678,1,-1,-1,-1
166,15,977.0996142614537,1.007407407407412,217.8000000000009,275.6266666666676,1,-1,-1,-1
166,16,1257.9000203020314,26.192592592594814,237.60020302029025,297.38666666666717,1,-1,-1,-1
166,17,1551.3000406040594,25.386666666666603,230.4001624162334,277.4400000000015,1,-1,-1,-1
166,18,1825.3999999999987,139.62666666666777,93.6000000000003,154.13333333333335,1,-1,-1,-1
166,19,170.6999593959418,118.67259259259333,333.0005481547866,261.11999999999983,1,-1,-1,-1
166,22,471.2996954695645,388.85925925925915,325.80046694667,368.10666666666816,1,-1,-1,-1
166,23,5.099882690605729,680.8059259259277,243.00034063171626,299.20000000000067,1,-1,-1,-1
166,26,1310.3999999999994,783.8435555555553,165.12000000000106,131.52711111111097,1,-1,-1,-1
166,27,1778.8400000000008,845.2148148148148,140.1599999999994,174.0799999999998,1,-1,-1,-1
166,21,1.000000000000014,237.0933333333336,79.20000000000002,115.29777777777785,1,-1,-1,-1
166,20,521.6996969585462,83.41333333333324,183.60103672076346,266.56000000000125,1,-1,-1,-1
166,24,1039.1096968705806,768.9440000000011,202.3200308921698,192.2133333333331,1,-1,-1,-1
166,25,773.2499292054426,713.5365925925956,254.70101686727557,192.03199999999998,1,-1,-1,-1
167,15,993.2996954695711,1.007407407407412,197.9999999999997,203.09333333333433,1,-1,-1,-1
167,16,1259.6999796979733,1.007407407407407,232.2002030202912,250.24000000000035,1,-1,-1,-1
167,17,1551.3001015101472,1.007407407407412,235.80016241623272,232.10666666666808,1,-1,-1,-1
167,18,1838.0000000000014,79.78666666666777,80.99999999999989,143.2533333333334,1,-1,-1,-1
167,19,170.699898489855,51.57925925925995,295.20054815478704,257.493333333333,1,-1,-1,-1
167,22,471.29971577159347,310.88592592592573,327.60046694667045,366.2933333333349,1,-1,-1,-1
167,23,12.299790599596674,602.8325925925936,246.60039211866626,299.2000000000001,1,-1,-1,-1
167,26,1313.2799999999995,707.4417777777777,165.12000000000106,131.52711111111097,1,-1,-1,-1
167,27,1778.8400000000013,782.3525925925928,140.1599999999994,155.94666666666652,1,-1,-1,-1
167,21,0.9999999999999789,159.5733333333335,79.20000000000002,106.9866666666669,1,-1,-1,-1
167,20,521.6996969585458,42.21037037037032,183.60103672076346,242.98666666666793,1,-1,-1,-1
167,24,1030.9196769193875,700.128000000001,212.0400617843403,192.2133333333331,1,-1,-1,-1
167,25,772.7999485130496,641.0939259259287,241.80101686727537,171.904,1,-1,-1,-1
168,15,993.299918791891,1.007407407407412,181.79947214724436,141.44000000000094,1,-1,-1,-1
168,16,1259.699918791886,1.007407407407407,228.60020302029076,183.1466666666671,1,-1,-1,-1
168,17,1560.300060906089,1.007407407407412,223.20016241623247,146.88000000000142,1,-1,-1,-1
168,18,1877.6003451344936,1.007407407407412,41.39965486550877,154.13333333333335,1,-1,-1,-1
168,19,170.7000000000008,0.8059259259266155,300.6005481547867,244.79999999999964,1,-1,-1,-1
168,22,471.2996548655066,234.72592592592613,327.6004669466696,384.42666666666844,1,-1,-1,-1
168,23,3.299930199865925,523.045925925927,252.00021191433984,304.64000000000055,1,-1,-1,-1
168,26,1316.1599999999996,631.04,165.12000000000106,131.52711111111097,1,-1,-1,-1
168,27,1778.8400000000008,719.4903703703706,140.1599999999994,174.0799999999998,1,-1,-1,-1
168,21,1.0000000000000355,85.73037037037047,79.20000000000002,101.54666666666681,1,-1,-1,-1
168,20,521.6996969585455,1.007407407407407,183.60103672076346,219.4133333333346,1,-1,-1,-1
168,24,1030.8296569681938,631.3120000000009,213.66009267651057,192.2133333333331,1,-1,-1,-1
168,25,781.3499678206582,574.0912592592623,179.40101686727462,156.3093333333331,1,-1,-1,-1
169,15,993.2999187918914,1.007407407407412,181.7994721472444,85.22666666666763,1,-1,-1,-1
169,16,1277.6999187918852,1.007407407407407,163.79983758376704,123.30666666666717,1,-1,-1,-1
169,19,217.50008120811705,1.007407407407412,250.2000203020293,175.89333333333303,1,-1,-1,-1
169,22,464.09965486550584,158.56592592592597,334.8004669466703,389.86666666666827,1,-1,-1,-1
169,23,1.4998163430721343,448.69925925926117,244.8002762730268,301.0133333333339,1,-1,-1,-1
169,26,1309.8,555.2426666666671,170.5200000000016,131.52711111111134,1,-1,-1,-1
169,27,1793.2400000000005,649.4957037037041,125.75999999999955,174.0799999999998,1,-1,-1,-1
169,21,1.0000000000000209,24.58074074074074,79.2,72.5333333333337,1,-1,-1,-1
169,20,521.6996969585452,1.007407407407407,183.60103672076346,143.25333333333458,1,-1,-1,-1
169,24,1030.7396370170004,562.496000000001,215.28012356868086,192.2133333333331,1,-1,-1,-1
169,25,771.8999871282649,496.2085925925947,185.4010168672729,153.40800000000002,1,-1,-1,-1
170,19,320.1000738190849,1.007407407407412,124.20002937628398,43.51999999999979,1,-1,-1,-1
170,22,466.8595736573888,4.069925925926137,330.24046694667015,402.92266666666785,1,-1,-1,-1
170,23,6.899898489854989,292.7525925925952,237.60012181217516,308.2666666666662,1,-1,-1,-1
170,28,780.8995939594191,896.5925925925925,342.00032457320157,190.40000000000137,1,-1,-1,-1
170,29,1167.9001015101485,911.0992592592593,304.1999999999998,175.89333333333346,1,-1,-1,-1
170,26,1314.24,410.53866666666664,165.12000000000106,131.52711111111097,1,-1,-1,-1
170,27,1807.6400000000006,510.59437037037065,111.35999999999972,174.07999999999979,1,-1,-1,-1
170,24,1041.899600976135,418.88000000000085,203.40015446085127,192.2133333333331,1,-1,-1,-1
170,25,777.2999742565282,350.7792592592611,185.40101686727374,166.82666666666717,1,-1,-1,-1
171,22,467.6996345634771,4.432592592592667,336.60046694667005,339.0933333333348,1,-1,-1,-1
171,23,6.899784633061174,214.7792592592611,241.2002762730279,315.52000000000095,1,-1,-1,-1
171,28,780.8995939594179,816.8059259259257,338.40032483246574,270.18666666666667,1,-1,-1,-1
171,29,1167.900101510146,841.3866666666669,304.19999999999976,241.17333333333366,1,-1,-1,-1
171,26,1315.52,339.61718518518524,165.12000000000106,131.52711111111097,1,-1,-1,-1
171,27,1807.6399999999999,441.6071111111114,111.35999999999969,177.5857777777777,1,-1,-1,-1
171,24,1039.7395725286806,373.8388148148155,207.00018020432634,166.82666666666745,1,-1,-1,-1
172,22,494.6998172817387,1.007407407407407,318.6004669466699,261.12000000000137,1,-1,-1,-1
172,23,8.700020302030422,131.3659259259277,246.60012181217508,324.5866666666672,1,-1,-1,-1
172,28,798.8997969797086,742.4592592592599,338.40032483246586,326.3999999999999,1,-1,-1,-1
172,29,1167.900101510146,761.6000000000005,304.19999999999976,241.17333333333366,1,-1,-1,-1
172,26,1316.8,268.6957037037037,165.12000000000106,131.52711111111097,1,-1,-1,-1
172,27,1807.6399999999992,372.6198518518522,111.35999999999966,181.09155555555566,1,-1,-1,-1
172,30,495.7316759225922,894.6023486901532,263.41501088012546,192.39024390243827,1,-1,-1,-1
172,31,210.3660263281883,978.6348690153567,230.48780487804876,108.35772357723572,1,-1,-1,-1
172,24,1037.5795440812258,294.9487407407413,210.60020594780138,175.28888888888935,1,-1,-1,-1
172,32,1.0000000000021974,888.5333333333349,163.8006049716699,197.65333333333342,1,-1,-1,-1
172,33,1562.100001685221,948.3733333333344,113.39999792588199,128.74666666666684,1,-1,-1,-1
173,22,501.8998172817397,1.007407407407407,282.6004060405818,186.77333333333468,1,-1,-1,-1
173,23,5.099999999999981,51.5792592592609,248.40012181217526,330.0266666666678,1,-1,-1,-1
173,28,797.0997766776801,669.9259259259262,338.40032483246597,328.2133333333334,1,-1,-1,-1
173,29,1169.700121812176,685.4400000000006,304.19999999999976,241.17333333333366,1,-1,-1,-1
173,26,1318.0799999999997,197.7742222222223,165.12000000000106,131.52711111111097,1,-1,-1,-1
173,27,1807.6399999999983,303.632592592593,111.35999999999963,184.5973333333336,1,-1,-1,-1
173,34,1804.0241390880446,922.1463414634076,114.14667110547533,165.8536585365847,1,-1,-1,-1
173,30,492.46825082361875,844.1238663053294,263.41501088012564,229.24661246612385,1,-1,-1,-1
173,31,192.07321259101707,911.5562782294493,272.41486960495683,175.43631436314337,1,-1,-1,-1
173,24,1035.4195156337707,216.05866666666705,214.20023169127643,183.75111111111124,1,-1,-1,-1
173,32,1.0000000000014584,824.1600000000016,163.8006049716699,262.0266666666663,1,-1,-1,-1
173,33,1558.2103915757343,872.7837614237626,116.85324443043389,134.4744973544975,1,-1,-1,-1
174,22,530.7001421142078,1.007407407407407,178.19922852289088,126.93333333333473,1,-1,-1,-1
174,23,6.900020561295113,1.0074074074074102,244.80012181217543,311.89333333333354,1,-1,-1,-1
174,28,797.0997766776804,599.2059259259261,338.40032483246597,319.14666666666636,1,-1,-1,-1
174,29,1171.5001421142058,603.8400000000009,304.19999999999976,253.8666666666673,1,-1,-1,-1
174,26,1317.12,118.4711111111112,165.12000000000106,131.52711111111097,1,-1,-1,-1
174,27,1807.6400000000021,243.1881481481487,111.35999999999962,180.12444444444495,1,-1,-1,-1
174,34,1804.1623373891239,834.6061478900439,114.14667110547518,209.31363530778134,1,-1,-1,-1
174,30,492.804825724645,750.1253839205062,263.41501088012564,244.34298102980907,1,-1,-1,-1
174,31,173.78039885384584,844.4776874435416,314.34193433186493,242.51490514905106,1,-1,-1,-1
174,24,1033.2594871863157,137.16859259259283,217.80025743475147,192.2133333333331,1,-1,-1,-1
174,32,1.0000000000007194,759.7866666666681,163.8006049716699,326.3999999999991,1,-1,-1,-1
174,33,1554.3207814662476,797.1941895141906,120.30649093498579,140.2023280423281,1,-1,-1,-1
175,23,16.9439152650176,2.8207407407407343,234.00012181217508,157.76000000000033,1,-1,-1,-1
175,28,783.4411443573395,446.47804878048714,338.4003248324654,316.7534598012653,1,-1,-1,-1
175,29,1173.7538010760086,447.80487804878163,304.1999999999998,261.12000000000086,1,-1,-1,-1
175,27,1807.6400000000024,121.09037037037078,111.35999999999962,159.3315555555562,1,-1,-1,-1
175,34,1804.3005356902027,685.4126209833457,114.146671105475,223.76027874564411,1,-1,-1,-1
175,30,491.3414006256713,582.0013730803972,263.41501088012564,257.62601626016203,1,-1,-1,-1
175,31,168.65841100743742,689.1207226738933,329.26899905877326,320.47349593495886,1,-1,-1,-1
175,24,1031.0994593870225,20.95407407407407,212.40028317822666,172.26666666666654,1,-1,-1,-1
175,32,1.000000000000149,623.7866666666683,163.8006049716699,406.1866666666671,1,-1,-1,-1
175,33,1531.531172717896,645.4446176046189,126.45973685619118,135.05015873015915,1,-1,-1,-1
176,23,148.34391306127222,1.0074074074074038,102.60012401592215,32.64000000000001,1,-1,-1,-1
176,28,780.8996459714575,370.72592592592645,351.0004149346296,322.77333333333297,1,-1,-1,-1
176,29,1176.9002030202935,389.8666666666675,304.19999999999976,241.17333333333366,1,-1,-1,-1
176,27,1807.6399999999987,88.93392592592629,111.35999999999947,139.26400000000086,1,-1,-1,-1
176,34,1804.4387339912837,610.1677119628271,114.14667110547501,229.49407665505126,1,-1,-1,-1
176,30,492.987753862017,512.3723215898821,263.41501088012564,246.91555555555507,1,-1,-1,-1
176,31,162.43885433679898,613.3366576332428,329.26899905877326,317.7534959349589,1,-1,-1,-1
176,32,1.0000000000017975,566.8480000000018,163.8006049716699,394.21866666666716,1,-1,-1,-1
176,33,1533.1915622087079,569.8550456950469,124.96298381445689,143.0446560846565,1,-1,-1,-1
177,28,804.2998578857969,296.37925925925987,338.40032483246586,315.51999999999987,1,-1,-1,-1
177,29,1173.2999172363075,291.94666666666785,300.6000002592642,248.42666666666656,1,-1,-1,-1
177,35,1554.9000000000067,999.1466666666678,232.2000000000003,87.04000000000086,1,-1,-1,-1
177,36,1207.4999390939142,954.6192592592591,286.1999999999998,132.37333333333447,1,-1,-1,-1
177,27,1807.6400000000024,64.15170370370407,111.35999999999962,86.67733333333437,1,-1,-1,-1
177,34,1804.5769322923636,532.7114208284868,114.146671105475,224.17096399535387,1,-1,-1,-1
177,30,494.6341070983625,442.74327009936684,263.41501088012564,236.20509485094811,1,-1,-1,-1
177,31,156.2192976661606,537.5525925925925,329.26899905877315,315.03349593495886,1,-1,-1,-1
177,32,1.0000000000034457,509.90933333333527,163.80060497166988,382.2506666666672,1,-1,-1,-1
177,33,1534.85195169952,494.265473785475,123.46623077272258,151.03915343915386,1,-1,-1,-1
178,28,804.299857885796,223.84592592592628,338.40032483246586,295.5733333333334,1,-1,-1,-1
178,29,1166.1000812081202,213.97333333333424,304.19999999999976,262.93333333333396,1,-1,-1,-1
178,35,1554.900000000002,935.6800000000018,261.0000000000005,150.50666666666783,1,-1,-1,-1
178,36,1207.4999390939126,889.3392592592589,286.1999999999998,197.6533333333334,1,-1,-1,-1
178,37,271.5000000000001,993.7066666666667,162.00000000000003,92.47999999999989,1,-1,-1,-1
178,38,917.3974522850137,985.4016982836454,215.99999999999952,101.59089430894947,1,-1,-1,-1
178,27,1807.6399999999992,1.0074074074074726,111.3599999999994,85.10577777777857,1,-1,-1,-1
178,34,1804.715130593445,471.28765001935017,114.14667110547511,202.81533101045193,1,-1,-1,-1
178,30,496.2804603347079,374.9275519421853,263.41501088012564,222.7746341463411,1,-1,-1,-1
178,31,149.99974099552216,461.7685275519421,329.26899905877315,312.31349593495884,1,-1,-1,-1
178,32,1.0000000000024751,440.88177777777986,163.8006049716699,382.37155555555654,1,-1,-1,-1
178,33,1536.512341190332,418.67590187590304,121.96947773098826,159.0336507936512,1,-1,-1,-1
179,28,820.5000406040583,138.86103703703742,338.40032483246586,308.8711111111109,1,-1,-1,-1
179,29,1167.9001015101492,134.67022222222317,304.19999999999965,262.44977777777814,1,-1,-1,-1
179,35,1562.100081208118,856.6992592592599,246.60016241623313,230.29333333333307,1,-1,-1,-1
179,36,1202.0998781878277,816.8059259259264,295.2001015101435,268.3733333333329,1,-1,-1,-1
179,37,266.099939093913,933.8666666666666,162.0,114.23999999999991,1,-1,-1,-1
179,39,466.7924975432856,964.4623667569995,215.97040528797496,122.5302258355908,1,-1,-1,-1
179,38,915.597452414644,903.8016982836476,215.99999999999952,183.19089430894738,1,-1,-1,-1
179,34,1804.8533288945252,397.03786295005114,114.14667110547506,194.2857142857132,1,-1,-1,-1
179,30,497.92681357105334,307.11183378500374,263.41501088012564,209.3441734417341,1,-1,-1,-1
179,31,143.78018432488375,385.98446251129167,329.26899905877315,309.59349593495887,1,-1,-1,-1
179,32,1.0000000000013123,331.0542222222242,163.8006049716699,382.4924444444452,1,-1,-1,-1
179,33,1538.172730681144,343.086329966331,120.47272468925397,167.02814814814855,1,-1,-1,-1
180,28,800.6998172817365,2.6192592592596204,338.40032483246557,282.02493224932243,1,-1,-1,-1
180,29,1173.300101121255,1.007407407407407,304.19999999999976,229.80977777777812,1,-1,-1,-1
180,35,1567.9537807739764,701.3619512195132,246.60016241623302,246.61333333333278,1,-1,-1,-1
180,36,1200.2998578857994,660.0041915085832,304.2002030202889,313.7066666666656,1,-1,-1,-1
180,37,170.69886308637064,805.9259259259275,268.20119781971755,281.0666666666653,1,-1,-1,-1
180,39,441.5924993581341,806.702366756999,241.17040347312354,280.29022583558907,1,-1,-1,-1
180,38,915.5974524146407,673.0808310749753,215.99999999999926,275.67089430894487,1,-1,-1,-1
180,34,1804.7496801687132,252.7609756097492,114.14667110547504,199.02439024390128,1,-1,-1,-1
180,30,494.6341070983625,147.8333514001802,263.4150108801259,282.3787533875336,1,-1,-1,-1
180,31,144.1460405996272,248.61340560072261,329.2689990587733,354.02016260162605,1,-1,-1,-1
180,32,1.0000000000001492,221.22666666666848,163.8006049716699,382.6133333333338,1,-1,-1,-1
180,33,1526.6545496924814,192.89104377104428,133.05454196495396,186.87407407407505,1,-1,-1,-1
181,28,836.7002233223197,2.6192592592595676,287.9997563756521,199.46666666666692,1,-1,-1,-1
181,29,1178.7001007323606,1.0074074074074084,298.8000003888959,148.2097777777781,1,-1,-1,-1
181,35,1571.1001827182622,638.2933333333344,246.60016241623308,224.85333333333315,1,-1,-1,-1
181,36,1202.0998781878293,577.4459259259272,304.2002030202889,320.959999999999,1,-1,-1,-1
181,37,174.2989036904286,730.7733333333356,246.60119781971767,299.199999999998,1,-1,-1,-1
181,39,451.4998781878257,719.8933333333339,288.0,322.7733333333328,1,-1,-1,-1
181,38,915.899878187826,656.4266666666671,219.6000406040587,206.7200000000005,1,-1,-1,-1
181,34,1804.853328894525,175.1414634146271,114.14667110547522,185.75609756097472,1,-1,-1,-1
181,30,491.34140062567144,71.96820234868984,263.4150108801257,271.9999999999992,1,-1,-1,-1
181,31,144.51189687437088,169.26901535682018,354.46899905877325,362.1801626016255,1,-1,-1,-1
181,32,1.0000000000000924,148.69333333333518,163.8006049716699,378.9866666666671,1,-1,-1,-1
181,33,1515.1363687038106,118.85575757575766,145.63635924065392,184.96000000000038,1,-1,-1,-1
182,28,836.7002233223216,2.6192592592595685,287.99975637565234,116.05333333333361,1,-1,-1,-1
182,35,1574.7002233223209,544.0000000000013,246.60016241623302,246.61333333333278,1,-1,-1,-1
182,36,1196.6998172817416,508.53925925926063,304.2002030202889,313.7066666666656,1,-1,-1,-1
182,37,177.89894429448782,660.0533333333358,237.60119781971736,290.13333333333173,1,-1,-1,-1
182,39,458.6999593959419,660.0533333333336,288.0,313.70666666666665,1,-1,-1,-1
182,38,912.2996548655051,569.3866666666671,226.8000406040587,223.04000000000053,1,-1,-1,-1
182,34,1804.853328894525,116.31869918698486,114.14667110547526,175.80487804877967,1,-1,-1,-1
182,30,491.3414006256705,1.007407407407225,232.68308380167784,210.0813008130073,1,-1,-1,-1
182,31,142.3167592259105,102.92755194218606,354.468999058773,284.20682926829215,1,-1,-1,-1
182,32,1.0000000000000355,76.16000000000183,163.8006049716699,375.3600000000004,1,-1,-1,-1
182,33,1524.2181862315733,59.931582491582546,134.9181781943718,156.8533333333336,1,-1,-1,-1
183,35,1580.100284228408,478.7200000000012,246.60016241623302,246.61333333333278,1,-1,-1,-1
183,36,1203.899898489859,432.3792592592607,304.2002030202889,313.7066666666656,1,-1,-1,-1
183,37,168.89884278434198,598.400000000002,243.00119781971753,281.0666666666653,1,-1,-1,-1
183,39,469.5000812081165,569.3866666666669,288.0,313.70666666666665,1,-1,-1,-1
183,38,903.299736073621,478.7200000000003,219.6000406040587,190.4000000000005,1,-1,-1,-1
183,34,1804.8533288945252,57.495934959342605,114.1466711054753,165.85365853658467,1,-1,-1,-1
183,30,491.3414006256711,1.007407407407239,232.68308380167815,139.3170731707309,1,-1,-1,-1
183,31,151.09730981975247,10.049503161698274,329.26899905877315,309.59349593495887,1,-1,-1,-1
183,32,1.0000000000000355,1.0074074074074084,163.8006049716699,375.3600000000004,1,-1,-1,-1
183,33,1533.3000037593358,1.007407407407415,124.19999714808968,128.74666666666684,1,-1,-1,-1
184,35,1571.1001827182629,431.57333333333537,246.60016241623308,204.90666666666533,1,-1,-1,-1
184,36,1209.2999593959464,354.4059259259274,304.2002030202889,313.7066666666656,1,-1,-1,-1
184,37,168.89884278434235,524.0533333333358,241.20119781971758,275.6266666666653,1,-1,-1,-1
184,39,460.499979697971,496.8533333333337,304.20000000000005,313.70666666666665,1,-1,-1,-1
184,38,919.4999187918831,400.746666666667,219.6000406040587,190.4000000000005,1,-1,-1,-1
184,34,1804.853328894524,1.007407407407369,114.14667110547526,154.79674796747898,1,-1,-1,-1
184,31,151.0973098197521,1.0074074074074133,329.26899905877315,291.90243902438965,1,-1,-1,-1
184,32,1.0000000000000357,1.0074074074074084,163.8006049716699,315.5200000000003,1,-1,-1,-1
185,35,1578.6026896995659,267.9801987353232,262.8001612495397,221.2266666666654,1,-1,-1,-1
185,36,1222.8073788296956,199.2700993676619,304.2002030202889,313.7066666666656,1,-1,-1,-1
185,37,176.4013497656403,377.08487804878365,230.40077147710647,275.6266666666653,1,-1,-1,-1
185,39,462.3000000000001,338.85253839205103,288.0,313.70666666666665,1,-1,-1,-1
185,38,919.8023445650646,236.23949412827508,219.6000406040584,219.8850948509491,1,-1,-1,-1
185,40,530.7000011666902,888.5333333333336,264.59999909257454,186.77333333333337,1,-1,-1,-1
185,32,1.0000000000001494,1.0074074074074084,163.8006049716699,145.066666666667,1,-1,-1,-1
186,35,1574.7002233223216,199.46666666666894,246.60016241623308,217.59999999999863,1,-1,-1,-1
186,36,1211.0999796979763,129.55259259259418,304.2002030202889,313.7066666666656,1,-1,-1,-1
186,37,176.09892399245885,299.2000000000031,230.40077147710647,275.6266666666653,1,-1,-1,-1
186,39,462.3000000000004,257.4933333333341,300.6,333.6533333333331,1,-1,-1,-1
186,38,914.0998578857967,148.6933333333337,219.6000406040587,190.4000000000005,1,-1,-1,-1
186,40,546.9000000000001,794.24,251.99999999999991,186.7733333333333,1,-1,-1,-1
186,41,269.70000000000016,959.253333333333,172.80000000000004,126.9333333333328,1,-1,-1,-1
186,42,933.8996730934243,999.1466666666666,232.2001877739151,85.2266666666681,1,-1,-1,-1
187,35,1576.5002436243533,116.05333333333567,246.60016241623313,237.54666666666532,1,-1,-1,-1
187,36,1212.9000000000058,55.20592592592752,304.2002030202889,313.7066666666656,1,-1,-1,-1
187,37,185.09902550260452,215.78666666666976,225.00071057101908,275.6266666666653,1,-1,-1,-1
187,39,467.7000609060882,183.14666666666736,288.0,324.58666666666693,1,-1,-1,-1
187,38,917.6998984898556,63.46666666666706,219.6000406040587,232.10666666666748,1,-1,-1,-1
187,40,546.9000000000001,714.4533333333334,251.99999999999991,186.7733333333333,1,-1,-1,-1
187,41,275.1000609060876,892.1599999999999,149.3997360736217,103.35999999999973,1,-1,-1,-1
187,42,905.099675167535,926.6133333333332,302.4001827182616,157.75999999999993,1,-1,-1,-1
187,43,1221.9000005185321,845.8192592592593,244.80000000000058,241.1733333333346,1,-1,-1,-1
187,44,1598.099796979711,946.5600000000014,291.6000574060156,139.62666666666777,1,-1,-1,-1
187,45,1845.5000002592642,906.6666666666669,73.49999974073553,166.82666666666668,1,-1,-1,-1
188,35,1589.1003857385565,45.33333333333566,246.60016241623327,241.17333333333207,1,-1,-1,-1
188,36,1220.100081208122,1.007407407407407,304.20020302028894,290.1333333333323,1,-1,-1,-1
188,37,183.29900520057623,145.06666666666982,225.00071057101914,271.99999999999903,1,-1,-1,-1
188,39,469.50008120811736,103.36000000000062,288.0,335.4666666666667,1,-1,-1,-1
188,38,923.0999593959424,1.813333333333694,219.6000406040587,213.973333333334,1,-1,-1,-1
188,40,539.6999187918848,632.8533333333336,251.99999999999991,206.72000000000054,1,-1,-1,-1
188,41,269.7000000000003,797.8666666666666,149.3997360736217,103.35999999999973,1,-1,-1,-1
188,42,899.6996142614488,852.266666666667,318.60018155157127,233.9199999999994,1,-1,-1,-1
188,43,1229.100000000001,768.8533333333331,244.80000000000052,264.7466666666667,1,-1,-1,-1
188,44,1598.099796979712,874.0266666666677,291.60005740601554,212.1600000000004,1,-1,-1,-1
188,45,1850.1000000000001,837.7599999999999,69.89999999999986,166.82666666666668,1,-1,-1,-1
189,35,1585.5003451344978,1.0074074074074086,246.60016241623327,215.78666666666544,1,-1,-1,-1
189,36,1225.5001421142106,1.007407407407407,304.20020302028894,212.15999999999894,1,-1,-1,-1
189,37,183.29900520057575,76.16000000000324,174.6001421142035,262.9333333333319,1,-1,-1,-1
189,39,446.10004203001347,25.38666666666729,307.7999985740479,333.6533333333333,1,-1,-1,-1
189,38,923.0999593959426,1.8133333333336934,219.6000406040587,134.1866666666673,1,-1,-1,-1
189,40,539.6999187918847,554.8800000000003,264.59999909257425,186.7733333333333,1,-1,-1,-1
189,41,269.7000000000009,710.8266666666664,149.39973607362174,116.05333333333333,1,-1,-1,-1
189,42,896.0995736573906,770.6666666666677,322.2001812923062,315.51999999999884,1,-1,-1,-1
189,43,1207.499756375652,692.6933333333335,244.80000000000064,306.45333333333366,1,-1,-1,-1
189,44,1605.2998781878268,801.4933333333346,277.20044664463876,279.2533333333328,1,-1,-1,-1
189,45,1849.1,779.7333333333332,69.89999999999988,166.82666666666668,1,-1,-1,-1
190,35,1585.5003451344999,1.0074074074074086,188.9995127513004,83.41333333333208,1,-1,-1,-1
190,36,1256.100360933753,1.007407407407407,201.59946933124178,76.15999999999903,1,-1,-1,-1
190,37,188.69906610666337,1.007407407407407,174.60014211420358,181.3333333333319,1,-1,-1,-1
190,39,442.4997766776805,1.0074074074074075,288.00000000000006,208.53333333333336,1,-1,-1,-1
190,40,534.2998578857978,406.1866666666674,275.4002639263775,281.06666666666644,1,-1,-1,-1
190,41,275.1000609060878,567.5733333333334,149.3997360736217,103.35999999999973,1,-1,-1,-1
190,42,914.0997766776801,627.4133333333344,302.40018271826165,315.51999999999884,1,-1,-1,-1
190,43,1202.0996954695652,540.3733333333337,244.80000000000052,266.5600000000005,1,-1,-1,-1
190,44,1587.2996751675346,650.9866666666677,277.2004466446387,282.87999999999954,1,-1,-1,-1
190,45,1849.1000000000004,632.8533333333336,69.89999999999988,146.87999999999982,1,-1,-1,-1
191,37,188.6990661066663,1.0074074074074073,158.4001432808925,119.6799999999987,1,-1,-1,-1
191,39,464.09977512209844,1.007407407407407,237.60000362970186,141.44000000000008,1,-1,-1,-1
191,40,545.0998578857975,313.7066666666678,264.60026392637735,310.07999999999976,1,-1,-1,-1
191,41,266.09995939594234,480.53333333333353,149.3997360736217,103.35999999999973,1,-1,-1,-1
191,42,914.0997766776801,549.440000000001,302.40018271826165,315.51999999999884,1,-1,-1,-1
191,43,1227.2996548655067,460.5866666666671,216.0000000000024,273.81333333333396,1,-1,-1,-1
191,44,1594.4996751675346,567.573333333335,304.2004466446386,290.13333333333384,1,-1,-1,-1
191,45,1849.1,563.9466666666672,69.89999999999988,146.87999999999982,1,-1,-1,-1
191,46,1581.8999356413156,987.2592592592599,309.60066933035654,99.73333333333663,1,-1,-1,-1
192,40,537.8998984898557,233.92000000000124,275.4002639263775,310.07999999999976,1,-1,-1,-1
192,41,264.29993909391317,406.186666666667,149.3997360736217,103.35999999999973,1,-1,-1,-1
192,42,912.2997563756509,469.65333333333416,309.6001827182614,315.51999999999884,1,-1,-1,-1
192,43,1198.4996548655054,386.2400000000007,244.8000000000002,275.62666666666615,1,-1,-1,-1
192,44,1590.8997157715937,500.4800000000018,277.20044664463876,282.87999999999937,1,-1,-1,-1
192,45,1849.1000000000004,496.8533333333337,69.89999999999988,146.87999999999982,1,-1,-1,-1
192,46,1581.8999356413162,905.6592592592598,309.6006693303564,181.33333333333522,1,-1,-1,-1
193,40,537.8998984898561,152.32000000000144,275.4002639263775,340.9066666666663,1,-1,-1,-1
193,41,273.3000406040589,335.46666666666704,149.3997360736217,103.35999999999973,1,-1,-1,-1
193,42,901.4997775851051,388.05333333333436,315.00018181083664,315.5199999999989,1,-1,-1,-1
193,43,1200.2996751675387,326.40000000000066,244.80000000000038,306.45333333333326,1,-1,-1,-1
193,44,1581.8996142614494,420.69333333333515,277.20044664463876,279.25333333333265,1,-1,-1,-1
193,45,1849.1000000000001,446.0800000000004,69.89999999999988,146.87999999999982,1,-1,-1,-1
193,47,257.10006090609306,921.173333333335,221.40000544454844,165.01333333333383,1,-1,-1,-1
193,46,1584.4199536617502,833.3705820105832,307.80065645861873,253.3931851851873,1,-1,-1,-1
194,40,541.4999390939142,74.34666666666811,275.4002639263775,340.9066666666663,1,-1,-1,-1
194,41,260.69997279276953,237.5466666666674,167.39986479099946,125.11999999999976,1,-1,-1,-1
194,42,903.2996994472539,319.14666666666767,313.20025994868826,315.51999999999884,1,-1,-1,-1
194,43,1194.899614261448,248.42666666666716,244.80000000000015,237.54666666666662,1,-1,-1,-1
194,44,1580.09959395942,344.5333333333352,277.2004466446387,264.74666666666604,1,-1,-1,-1
194,47,257.1000609060878,846.8266666666673,297.0,239.35999999999976,1,-1,-1,-1
194,48,0.9999999999999946,968.32,167.39999999999998,114.2399999999999,1,-1,-1,-1
194,46,1586.9399716821838,761.0819047619057,306.0006435868809,314.57303703703934,1,-1,-1,-1
195,40,545.5536183577439,1.0074074074074286,275.40026392637697,279.970803974706,1,-1,-1,-1
195,41,274.9488480194967,74.68574525745302,163.0583683939604,132.84509485094802,1,-1,-1,-1
195,42,921.2998578857975,154.03013550135606,302.40018271826165,315.51999999999884,1,-1,-1,-1
195,43,1216.363179336263,82.09141824751649,231.14136767966176,296.5168563685633,1,-1,-1,-1
195,44,1588.494843923198,175.48545618789706,316.2251104170374,290.30041553748754,1,-1,-1,-1
195,47,260.7001015101449,695.8187533875324,296.9999999999993,288.9588437217722,1,-1,-1,-1
195,48,1.000000000000008,878.5600000000004,167.39999999999998,180.42666666666625,1,-1,-1,-1
195,46,1587.6599768308795,650.7132275132286,318.6006307151432,320.4462222222241,1,-1,-1,-1
196,40,663.9013196318938,1.007407407407407,142.19876157622383,204.90666666666638,1,-1,-1,-1
196,41,336.30075117507806,38.08000000000059,104.39922852289433,103.35999999999977,1,-1,-1,-1
196,42,896.0998172817394,88.8533333333344,324.00018271826144,315.51999999999884,1,-1,-1,-1
196,43,1256.1003045304383,16.32000000000052,172.79918791883813,252.0533333333335,1,-1,-1,-1
196,44,1590.8997157715937,97.92000000000185,309.60044664463874,299.19999999999936,1,-1,-1,-1
196,47,266.10016241623345,617.3392592592595,297.0,299.1999999999997,1,-1,-1,-1
196,48,0.9999999999999641,792.4266666666672,167.39999999999998,246.61333333333263,1,-1,-1,-1
196,49,680.1,665.4933333333333,334.79999999999995,315.5199999999999,1,-1,-1,-1
196,46,1588.3799819795754,540.3445502645516,331.2006178434054,326.31940740740885,1,-1,-1,-1
197,40,676.5014617460979,33.647407407407414,122.39853825390426,112.4266666666663,1,-1,-1,-1
197,41,348.9007502676551,1.007407407407412,91.79922943032027,59.8399999999997,1,-1,-1,-1
197,42,897.8998595710157,7.2533333333344165,325.80018103304434,315.51999999999884,1,-1,-1,-1
197,43,1252.5002639263798,1.007407407407407,172.7991879188382,194.02666666666667,1,-1,-1,-1
197,44,1596.299776677686,32.640000000001976,306.0004445705218,282.87999999999954,1,-1,-1,-1
197,47,267.9001827182626,548.4325925925926,297.0,299.19999999999976,1,-1,-1,-1
197,48,1.0000000000000209,719.8933333333339,167.39999999999998,242.9866666666659,1,-1,-1,-1
197,49,669.2998781878266,592.9600000000004,374.3999971480919,319.14666666666665,1,-1,-1,-1
197,46,1586.999972111243,460.65142857142956,322.8006264245638,330.37925925926095,1,-1,-1,-1
198,40,708.90145941272,1.007407407407412,91.79854045765332,70.71999999999964,1,-1,-1,-1
198,42,924.8998984898565,1.0074074074074075,302.40018271826165,252.05333333333226,1,-1,-1,-1
198,44,1599.89981728174,1.0074074074074078,277.2004466446387,241.17333333333283,1,-1,-1,-1
198,47,275.10026392637917,463.2059259259262,297.0,299.19999999999976,1,-1,-1,-1
198,48,1.000000000000023,631.0400000000006,167.39999999999998,242.9866666666659,1,-1,-1,-1
198,49,665.6998375837677,520.4266666666672,334.79999999999995,293.7600000000002,1,-1,-1,-1
198,46,1585.6199622429108,380.95830687830767,314.4006350057222,334.43911111111316,1,-1,-1,-1
199,42,924.8998984898565,1.0074074074074066,302.4001827182619,175.89333333333227,1,-1,-1,-1
199,44,1592.699736073625,1.007407407407412,243.00006090608431,163.1999999999996,1,-1,-1,-1
199,47,275.10026392637917,381.60592592592633,297.0,299.19999999999976,1,-1,-1,-1
199,48,1.0000000000000213,567.5733333333344,167.39999999999998,233.91999999999916,1,-1,-1,-1
199,49,662.0997969797095,456.9600000000005,334.79999999999995,293.7600000000002,1,-1,-1,-1
199,46,1584.2399523745785,301.26518518518566,306.00064358688064,338.4989629629653,1,-1,-1,-1
200,47,267.90018271826324,227.47259259259317,297.0,315.51999999999975,1,-1,-1,-1
200,48,4.600040604058272,412.53333333333467,167.39999999999998,233.91999999999916,1,-1,-1,-1
200,49,662.0997969797096,290.13333333333395,334.79999999999995,293.7600000000002,1,-1,-1,-1
200,50,939.3000001296325,936.4859259259247,280.8000000000002,150.50666666666848,1,-1,-1,-1
200,51,1324.4999999999984,946.559999999999,313.20000090742525,139.6266666666682,1,-1,-1,-1
200,46,1580.4599253439299,144.46222222222244,295.2005663564543,315.35881481481704,1,-1,-1,-1
201,47,262.50012181217545,156.7525925925932,297.0,299.19999999999976,1,-1,-1,-1
201,48,1.0000000000000213,344.5333333333344,167.39999999999998,233.91999999999916,1,-1,-1,-1
201,49,656.6997360736231,213.9733333333343,334.80000000000024,319.14666666666665,1,-1,-1,-1
201,52,1.5001354235541362,975.5733333333327,305.99968185818636,112.42666666666666,1,-1,-1,-1
201,50,941.1000000000003,861.3333333333331,280.8000000000001,217.6000000000012,1,-1,-1,-1
201,51,1324.5,866.7733333333332,325.79999999999995,219.41333333333338,1,-1,-1,-1
201,46,1580.2799240567554,69.71259259259273,293.40055348471657,311.7120000000023,1,-1,-1,-1
202,47,262.5001218121758,73.3392592592599,297.0,311.89333333333315,1,-1,-1,-1
202,48,0.9999999999999929,277.44000000000113,167.39999999999998,233.91999999999916,1,-1,-1,-1
202,49,665.699837583768,143.25333333333404,334.79999999999995,293.7600000000002,1,-1,-1,-1
202,52,1.0000000000001172,904.8533333333331,320.40198959885316,181.33333333333286,1,-1,-1,-1
202,50,942.9000203020295,794.2399999999999,280.8000000000001,217.6000000000012,1,-1,-1,-1
202,51,1319.099939093913,792.4266666666675,325.79999999999995,291.9466666666661,1,-1,-1,-1
202,46,1580.0999227695816,1.007407407407407,291.6005406129788,291.9466666666686,1,-1,-1,-1
203,47,264.30014211420456,1.0074074074074078,297.0,299.19999999999976,1,-1,-1,-1
203,48,1.000000000000021,208.53333333333455,167.39999999999998,233.91999999999916,1,-1,-1,-1
203,49,665.6998375837678,56.21333333333404,334.8,304.6400000000002,1,-1,-1,-1
203,52,1.0000000000000888,821.440000000001,320.40198959885316,266.55999999999847,1,-1,-1,-1
203,50,948.3000812081169,723.5199999999998,280.8000000000001,217.6000000000012,1,-1,-1,-1
203,51,1322.6999796979724,705.3866666666686,334.79999999999967,326.3999999999982,1,-1,-1,-1
203,46,1580.0999227695818,1.007407407407407,288.00051486950326,205.81333333333518,1,-1,-1,-1
203,53,1399.2000000000032,981.8192592592612,160.19999999999615,105.1733333333356,1,-1,-1,-1
204,47,271.500223322321,1.0074074074074069,297.0,219.41333333333313,1,-1,-1,-1
204,48,1.000000000000021,134.18666666666792,167.39999999999998,233.91999999999916,1,-1,-1,-1
204,49,665.699837583768,1.0074074074074078,334.79999999999995,293.7600000000002,1,-1,-1,-1
204,52,1.0000000000001743,747.0933333333343,320.4019895988533,317.33333333333246,1,-1,-1,-1
204,50,942.9000203020285,645.5466666666671,280.80000000000024,215.78666666666743,1,-1,-1,-1
204,51,1320.8999593959422,634.6666666666694,338.3999999999998,328.2133333333316,1,-1,-1,-1
204,54,789.9000000000013,947.365925925926,270.000040604058,139.62666666666814,1,-1,-1,-1
204,46,1580.0999227695818,1.0074074074074073,284.4004891260278,119.68000000000184,1,-1,-1,-1
204,53,1389.600000000003,891.1861728395085,177.59999999999692,159.8755555555569,1,-1,-1,-1
205,47,275.1002639263793,1.00740740740741,297.0,150.50666666666643,1,-1,-1,-1
205,48,1.0000000000000213,63.46666666666796,167.39999999999998,233.91999999999916,1,-1,-1,-1
205,49,676.4999593959427,1.007407407407407,334.8000000000001,212.16000000000017,1,-1,-1,-1
205,52,0.9999999999999467,676.3733333333347,320.40198959885316,295.57333333333213,1,-1,-1,-1
205,50,939.2999796979717,560.3200000000003,280.8000000000001,217.6000000000012,1,-1,-1,-1
205,51,1320.8999593959416,547.6266666666692,338.4000000000002,339.0933333333315,1,-1,-1,-1
205,54,789.9000000000008,863.9525925925925,270.000040604058,223.0400000000002,1,-1,-1,-1
205,53,1390.800000000003,818.6864197530882,180.59999999999823,164.52977777778005,1,-1,-1,-1
206,48,0.9999999999999927,1.0074074074074084,167.39999999999998,170.4533333333325,1,-1,-1,-1
206,52,1.0000000000000175,529.4933333333347,320.40198959885316,295.57333333333213,1,-1,-1,-1
206,50,930.299878187828,464.21333333333473,298.79999999999916,165.0133333333337,1,-1,-1,-1
206,51,1324.4998375837695,400.7466666666692,336.6000000000009,337.2799999999986,1,-1,-1,-1
206,54,786.2999593959428,717.0725925925929,270.000040604058,306.4533333333341,1,-1,-1,-1
206,55,483.9000609060874,917.5466666666666,196.2,106.9866666666667,1,-1,-1,-1
206,56,1441.5000609060878,994.5125925925926,192.60000000000014,92.47999999999996,1,-1,-1,-1
206,53,1394.7000000000053,681.8133333333358,172.7999999999982,154.67733333333408,1,-1,-1,-1
207,48,1.0000000000000213,1.0074074074074086,167.4,92.4799999999992,1,-1,-1,-1
207,52,1.0000000000000169,456.9600000000017,320.40198959885316,295.57333333333213,1,-1,-1,-1
207,50,937.4999593959432,380.8000000000014,280.8000000000001,165.0133333333337,1,-1,-1,-1
207,51,1319.0998578857984,328.2133333333362,341.99999999999994,328.2133333333314,1,-1,-1,-1
207,54,786.2999593959443,646.3525925925937,270.0000406040583,301.0133333333334,1,-1,-1,-1
207,55,368.7000692025493,875.8400000000019,293.3999929998644,210.3466666666658,1,-1,-1,-1
207,56,1445.1001015101479,936.4859259259264,176.3998172817374,145.06666666666698,1,-1,-1,-1
207,57,1735.4,918.3525925925902,183.60000000000022,168.64000000000223,1,-1,-1,-1
207,53,1393.2000000000046,600.5491358024708,174.5999999999984,164.1671111111114,1,-1,-1,-1
208,52,1.0000000000000173,388.0533333333351,320.4019895988531,306.4533333333321,1,-1,-1,-1
208,50,937.4999593959428,311.89333333333474,280.8000000000001,165.0133333333337,1,-1,-1,-1
208,51,1322.699979697972,244.80000000000197,334.79999999999984,339.0933333333323,1,-1,-1,-1
208,54,786.2999593959445,572.005925925927,270.0000406040583,301.0133333333333,1,-1,-1,-1
208,55,361.50011058439935,810.5600000000022,322.19999092574847,275.6266666666652,1,-1,-1,-1
208,56,1441.50006090609,867.5792592592604,306.0012790278333,215.78666666666655,1,-1,-1,-1
208,57,1734.9000000000003,835.9466666666666,183.60000000000014,246.61333333333332,1,-1,-1,-1
208,53,1342.2000000000016,512.0316049382737,255.60000000000164,180.9102222222225,1,-1,-1,-1
209,52,1.000000000000154,311.89333333333536,318.6019895988533,311.8933333333324,1,-1,-1,-1
209,50,939.2999796979719,232.1066666666682,280.80000000000007,174.08000000000018,1,-1,-1,-1
209,51,1313.6998781878267,168.64000000000206,345.599999999999,340.9066666666654,1,-1,-1,-1
209,54,784.4999390939156,490.405925925927,270.0000406040583,301.0133333333333,1,-1,-1,-1
209,55,374.0988224823119,739.8400000000029,288.001035403486,324.5866666666642,1,-1,-1,-1
209,56,1448.6998781878299,807.7392592592594,329.4014617460962,279.25333333333424,1,-1,-1,-1
209,57,1791.2006293629026,805.1200000000001,127.79937063709882,261.11999999999995,1,-1,-1,-1
209,58,1151.7,984.6400000000001,163.79999999999993,99.73333333333316,1,-1,-1,-1
209,53,1341.6000000000001,438.020740740742,264.600000000001,183.14666666666614,1,-1,-1,-1
210,52,1.0,171.72119241192604,320.40198959885316,295.57333333333213,1,-1,-1,-1
210,50,935.3975133207323,64.11042457091376,280.79999999999984,188.60140921409254,1,-1,-1,-1
210,51,1318.7975133207274,31.04289069557549,325.79999999999865,327.71208672086607,1,-1,-1,-1
210,54,790.3536386597752,352.80881662150074,270.0000406040583,301.0133333333333,1,-1,-1,-1
210,55,374.4012482554934,598.7685636856397,288.001035403486,324.5866666666642,1,-1,-1,-1
210,56,1433.9975539247894,680.2751942186084,341.7137936322963,361.81159891599015,1,-1,-1,-1
210,57,1783.3956966084218,645.762890695574,135.60430339157713,252.05333333333311,1,-1,-1,-1
210,58,1138.343793452836,846.6448419150817,290.6301572602929,238.38207768744346,1,-1,-1,-1
210,53,1343.7000000000007,328.91851851851965,262.50000000000045,189.49333333333328,1,-1,-1,-1
211,52,1.0000000000000708,96.10666666666863,320.40198959885316,308.2666666666655,1,-1,-1,-1
211,50,924.8998172817395,18.13333333333485,293.4,165.01333333333378,1,-1,-1,-1
211,51,1315.499898489854,1.007407407407407,336.60000000000156,279.2533333333322,1,-1,-1,-1
211,54,791.7000203020312,283.68592592592796,286.20004060405824,290.13333333333287,1,-1,-1,-1
211,55,350.6985585559338,603.8400000000039,288.00103540348607,253.86666666666366,1,-1,-1,-1
211,56,1437.900020302032,620.9659259259282,333.0014617460967,355.41333333333364,1,-1,-1,-1
211,57,1778.6006293629057,563.9466666666696,140.39937063709934,324.5866666666642,1,-1,-1,-1
211,58,1119.2996345634776,780.5392592592607,325.80182718261875,304.6399999999992,1,-1,-1,-1
211,53,1345.8000000000013,219.81629629629734,260.40000000000003,195.84000000000043,1,-1,-1,-1
212,52,1.0000000000001068,25.38666666666861,320.4019895988532,324.5866666666654,1,-1,-1,-1
212,50,932.0998984898562,1.007407407407407,280.8,108.80000000000035,1,-1,-1,-1
212,51,1315.4998984898573,1.007407407407407,331.2,213.97333333333228,1,-1,-1,-1
212,54,797.100081208118,209.33925925926115,270.0000406040583,275.6266666666661,1,-1,-1,-1
212,55,339.89843674375936,542.1866666666708,288.00103540348607,244.79999999999654,1,-1,-1,-1
212,56,1443.3000812081193,548.4325925925951,322.2014617460962,366.29333333333346,1,-1,-1,-1
212,57,1775.000629362901,484.16000000000065,143.99937063710018,328.2133333333333,1,-1,-1,-1
212,58,1112.0995330533328,718.8859259259284,324.00182718261885,368.1066666666655,1,-1,-1,-1
212,53,1338.3000000000013,153.025185185186,263.2499999999993,193.27111111111148,1,-1,-1,-1
213,52,1.0000000000001497,1.0074074074074073,320.40198959885345,268.373333333332,1,-1,-1,-1
213,51,1315.4998984898566,1.0074074074074073,325.79999999999995,139.6266666666656,1,-1,-1,-1
213,54,786.2999593959433,136.80592592592777,270.0000406040583,275.6266666666661,1,-1,-1,-1
213,55,395.6990661066621,467.8400000000041,266.400426342613,252.05333333333073,1,-1,-1,-1
213,56,1443.3000812081193,472.2725925925952,322.2014617460962,366.29333333333346,1,-1,-1,-1
213,57,1775.0004466446412,417.06666666666814,143.99955335535952,324.5866666666659,1,-1,-1,-1
213,58,1106.6994924492756,649.9792592592619,325.80182718261875,384.42666666666497,1,-1,-1,-1
213,53,1330.8000000000018,86.23407407407467,266.09999999999866,190.70222222222253,1,-1,-1,-1
214,52,0.9999999999999936,1.0074074074074069,320.4019895988535,215.78666666666538,1,-1,-1,-1
214,54,789.9000000000016,87.84592592592779,270.0000406040583,275.6266666666661,1,-1,-1,-1
214,55,388.4989848985462,408.00000000000415,261.00073087304975,219.41333333333023,1,-1,-1,-1
214,56,1445.1001015101494,401.5525925925951,322.2014617460962,366.29333333333346,1,-1,-1,-1
214,57,1775.0004466446403,335.4666666666675,143.99955335535952,330.02666666666676,1,-1,-1,-1
214,58,1101.299431543188,588.3259259259286,325.80182718261875,364.47999999999826,1,-1,-1,-1
214,53,1323.3000000000018,19.442962962963307,268.94999999999794,188.13333333333364,1,-1,-1,-1
215,52,4.600040604058329,1.007407407407412,291.60166476638767,81.59999999999877,1,-1,-1,-1
215,54,762.8996954695657,1.0074074074074073,293.4000406040574,204.90666666666607,1,-1,-1,-1
215,55,386.69896459651756,322.7733333333374,284.4009947994276,186.77333333333115,1,-1,-1,-1
215,56,1432.499959395946,260.11259259259504,322.2014617460962,366.29333333333346,1,-1,-1,-1
215,57,1775.0004466446408,197.65333333333416,143.99955335535952,330.02666666666676,1,-1,-1,-1
215,58,1103.0994518452176,466.8325925925958,315.00170537044517,349.9733333333314,1,-1,-1,-1
215,53,1354.1999999999994,1.0074074074074073,192.60000000000088,74.34666666666668,1,-1,-1,-1
216,54,762.8996954695639,1.0074074074074073,270.0000406040583,130.55999999999943,1,-1,-1,-1
216,55,377.69886308637194,252.0533333333374,284.4009947994276,186.77333333333115,1,-1,-1,-1
216,56,1428.8999187918878,189.39259259259504,322.2014617460962,366.29333333333346,1,-1,-1,-1
216,57,1775.0004466446412,126.93333333333419,143.99955335535952,330.02666666666676,1,-1,-1,-1
216,58,1104.899472147247,406.9925925925958,315.0017053704452,349.9733333333314,1,-1,-1,-1
217,55,375.89884278434266,194.02666666667088,284.4009947994276,181.33333333333158,1,-1,-1,-1
217,56,1428.899918791888,125.92592592592845,322.2014617460962,366.29333333333346,1,-1,-1,-1
217,57,1775.0004466446408,65.28000000000088,143.99955335535952,330.02666666666676,1,-1,-1,-1
217,58,1101.2994315431897,334.45925925926247,315.0017053704452,349.9733333333314,1,-1,-1,-1
218,55,363.29870067013894,126.93333333333753,284.4009947994276,181.33333333333158,1,-1,-1,-1
218,56,1430.6999390939175,55.20592592592846,322.2014617460962,366.29333333333346,1,-1,-1,-1
218,57,1773.2004263426122,1.0074074074074075,143.99955335535952,330.02666666666676,1,-1,-1,-1
218,58,1095.8993706371023,283.6859259259292,315.0017053704452,322.7733333333317,1,-1,-1,-1
219,55,374.09882248231384,61.65333333333756,284.4009947994276,181.33333333333158,1,-1,-1,-1
219,56,1423.4998578858017,1.0074074074074069,322.2014617460962,349.9733333333336,1,-1,-1,-1
219,57,1773.2004263426122,1.007407407407407,143.99955335535952,241.17333333333346,1,-1,-1,-1
219,58,1094.099350335073,209.33925925926258,315.0017053704452,322.7733333333317,1,-1,-1,-1
220,55,371.69395063392125,1.0074074074074764,284.4009947994267,92.87804878048597,1,-1,-1,-1
220,56,1409.9924384520498,1.0074074074074058,322.20146174609505,208.44487804878048,1,-1,-1,-1
220,57,1730.1220833063778,1.007407407407658,188.87791669361565,109.47324299909656,1,-1,-1,-1
220,58,1094.0993503350733,58.74413730804317,315.0017053704452,322.7733333333317,1,-1,-1,-1