4,1,222.93838862559244,0.095488853782807,233.5545023696682,97.78058627347708,1,-1,-1,-1
5,1,225.5042654028402,1.0074074074074006,260.55450236966743,230.8863191153243,1,-1,-1,-1
5,2,640.750710900472,1.007407407407465,198.48909952606618,167.85985606459548,1,-1,-1,-1
5,3,881.137440758293,3.055643321046151,236.58767772511828,204.8235913638762,1,-1,-1,-1
5,4,1630.3317535545032,1.0074074074074537,242.3554502369658,143.61523608916977,1,-1,-1,-1
6,1,223.70420642266862,68.2315604704229,260.5546129574871,227.25965244865773,1,-1,-1,-1
6,2,637.2502369668235,68.23156047042308,211.08909952606606,164.2331893979288,1,-1,-1,-1
6,3,856.0368267467426,1.007407407407407,222.18761874495095,274.60207126557924,1,-1,-1,-1
6,4,1630.8985781990534,1.0074074074074075,236.0208530805676,189.55014920133382,1,-1,-1,-1
7,1,244.1706161137432,141.56700017553075,233.55450236966814,220.0063191153242,1,-1,-1,-1
7,2,635.4502369668253,120.17749692820807,200.18957345971455,168.06038265753926,1,-1,-1,-1
7,3,890.2369668246434,88.61365631033853,236.58767772511825,229.26873793224587,1,-1,-1,-1
7,4,1630.331753554502,52.95334386519203,239.62085308056757,198.6168158680005,1,-1,-1,-1
8,1,232.03791469194212,199.62422327540793,233.55450236966814,220.0063191153242,1,-1,-1,-1
8,2,632.4170616113751,178.23472002808523,200.18957345971455,168.06038265753926,1,-1,-1,-1
8,3,887.2037914691931,158.8934526944002,236.58767772511825,229.26873793224587,1,-1,-1,-1
8,4,1627.2985781990515,111.0105669650692,239.62085308056757,198.6168158680005,1,-1,-1,-1
9,1,215.17156398103444,264.83451641214674,256.9545023696692,220.0063191153251,1,-1,-1,-1
9,2,632.9838862559186,210.90527646129618,203.78957345971432,209.76704932420577,1,-1,-1,-1
9,3,846.3706161137379,157.6969773565033,226.62274881516456,315.83797788309795,1,-1,-1,-1
9,4,1624.3649289099544,137.67010005265922,243.22085308056734,242.13681586800092,1,-1,-1,-1
10,1,227.77156398103773,399.0125890819735,247.55639810426513,225.71655257152992,1,-1,-1,-1
10,2,629.6824644549714,346.3256591188351,199.6919431279596,202.7839494470784,1,-1,-1,-1
10,3,846.9374407582843,288.8738353519395,220.25781990521287,315.36721783395,1,-1,-1,-1
10,4,1621.9981042654015,267.6199262769882,239.62085308056774,243.95014920133337,1,-1,-1,-1
11,1,217.07109004738965,468.6210988239416,254.75639810426583,198.51655257152936,1,-1,-1,-1
11,2,638.4834123222575,413.1487589959655,190.42369668246425,191.63371599087134,1,-1,-1,-1
11,3,840.9706161137378,351.12874846410494,225.65781990521322,315.3672178339489,1,-1,-1,-1
11,4,1621.898578199052,333.23127259961416,245.0208530805694,240.22321923819513,1,-1,-1,-1
11,5,648.5478672985731,0.09548885378270285,344.98578199051855,245.56295594172371,1,-1,-1,-1
12,1,224.83791469193935,532.6893452694399,245.75639810426617,200.32988590486264,1,-1,-1,-1
12,2,639.716587677721,479.1306020712666,186.82369668246358,188.00704932420717,1,-1,-1,-1
12,3,840.9706161137399,419.0241881692124,223.85781990521176,311.74055116728306,1,-1,-1,-1
12,4,1623.6985781990466,399.21311567491693,234.22085308056597,236.5965525715287,1,-1,-1,-1
12,5,646.7478672985636,0.0954888537826932,330.58578199052045,295.7958223626473,1,-1,-1,-1
12,6,429.1943127962072,0.09548885378277051,157.72511848341236,74.00672634720017,1,-1,-1,-1
12,7,92.51184834122714,1.0074074074071926,115.26066350710902,44.893129717395404,1,-1,-1,-1
12,8,1797.3554502369636,45.389671757065805,69.09668246445445,119.34005968053324,1,-1,-1,-1
12,9,1257.2511848341196,244.8477444268908,193.3573459715639,241.46552922590877,1,-1,-1,-1
13,1,220.0047393364879,596.8578550114091,251.1563981042646,222.08988590486265,1,-1,-1,-1
13,2,618.6834123222712,548.2683517640871,204.8236966824629,191.63371599087344,1,-1,-1,-1
13,3,837.370616113737,485.5770545901356,216.65781990521,317.1805511672832,1,-1,-1,-1
13,4,1618.2985781990524,465.76598209584074,241.42085308056627,242.0365525715283,1,-1,-1,-1
13,5,644.9478672985739,42.87449534842913,330.58578199052243,241.3958223626472,1,-1,-1,-1
13,6,372.0616113744061,0.09548885378342115,214.8578199052121,128.43728278041016,1,-1,-1,-1
13,7,15.111848341226871,1.0074074074075583,225.06066350710844,107.71906617518005,1,-1,-1,-1
13,10,1093.459715639805,1.0074074074075814,163.7914691943153,100.9317184483061,1,-1,-1,-1
13,8,1799.155450236962,103.41633842373248,69.09668246445437,83.07339301386654,1,-1,-1,-1
13,9,1243.6182802978979,310.6156015279551,202.6571428571401,242.1710554427145,1,-1,-1,-1
13,11,1522.1715639810423,1.0074074074072459,182.5573459715642,162.99087941021588,1,-1,-1,-1
14,1,211.20379146918938,669.7225346673687,260.1563981042643,202.1432192381966,1,-1,-1,-1
14,2,616.8834123222696,617.1053115674923,206.62369668246282,193.44704932420663,1,-1,-1,-1
14,3,839.2701421800942,551.9293944181146,223.85781990521042,313.5538845006158,1,-1,-1,-1
14,4,1612.1327014217973,539.5721818500975,251.75355450236862,234.78321923819527,1,-1,-1,-1
14,5,644.8483412322231,115.06788836229588,327.4530805687221,245.02248902931365,1,-1,-1,-1
14,6,314.3620853080559,1.0074074074074166,267.05781990521194,186.394242583815,1,-1,-1,-1
14,7,0.9999999999956128,1.0074074074074069,233.42464454976553,170.3444760400209,1,-1,-1,-1
14,10,1092.9924170616034,1.00740740740733,176.39146919431616,164.42894154818325,1,-1,-1,-1
14,8,1809.2890995260652,165.10022819027625,60.663507109005,79.4467263471997,1,-1,-1,-1
14,9,1237.1853757616796,392.703458629019,206.55693974272452,224.7432483261869,1,-1,-1,-1
14,11,1520.9383886255891,62.69129717395098,171.75734597156455,164.80421274354913,1,-1,-1,-1
15,1,211.57156398103456,809.6108407934012,251.15639810426114,189.44988590486238,1,-1,-1,-1
15,2,607.7838862559199,753.467214323329,206.6236966824637,193.44704932420618,1,-1,-1,-1
15,3,835.0037914691907,684.0936071616637,222.05781990521322,317.8518378093757,1,-1,-1,-1
15,4,1612.132701421799,676.4048446550828,251.75355450236904,231.15655257152872,1,-1,-1,-1
15,5,635.0824644549768,253.71388450061428,309.7516587677696,256.67403896787755,1,-1,-1,-1
15,6,312.43222748814736,36.06232051957169,271.45402843601653,261.44275232578457,1,-1,-1,-1
15,7,1.516587677722567,0.06588730911030187,230.52132701421795,288.17199227663673,1,-1,-1,-1
15,10,1062.7601895734513,1.0074074074078068,200.2587677725133,252.0008144637525,1,-1,-1,-1
15,8,1800.1895734597158,293.4372476742152,69.76303317535469,91.66929963138492,1,-1,-1,-1
15,9,1225.3524712254548,525.5646490634166,217.65673662830042,171.04877454299253,1,-1,-1,-1
15,11,1518.004739336489,203.82191328769545,161.22559241706293,157.55087941021577,1,-1,-1,-1
16,1,219.90521327013096,869.3811339301382,245.756398104266,193.07655257152857,1,-1,-1,-1
16,2,609.5838862559181,823.6467474109198,204.82369668246326,186.19371599087273,1,-1,-1,-1
16,3,838.6037914691905,754.8441635948743,218.45781990521257,314.2251711427076,1,-1,-1,-1
16,4,1621.2322274881508,740.4730911005801,260.8530805687185,213.8950324732307,1,-1,-1,-1
16,5,634.9829383886204,325.9072775144816,331.3516587677747,243.980705634544,1,-1,-1,-1
16,6,308.83222748815035,119.606473582587,273.25402843601677,237.86941899245147,1,-1,-1,-1
16,7,1.0000000000000124,89.62106371774654,230.52132701421795,256.6740389678773,1,-1,-1,-1
16,10,1078.2938388625516,68.23156047042345,172.89099526066533,262.8808144637526,1,-1,-1,-1
16,8,1791.090047393365,351.49447077409206,78.86255924170575,97.78058627347724,1,-1,-1,-1
16,9,1217.0276235612741,600.7387948544342,217.95653351387938,168.12763409313118,1,-1,-1,-1
16,11,1515.0710900473932,266.8483763384234,148.62559241706117,146.67087941021586,1,-1,-1,-1
17,1,203.03886255923697,908.4227066877294,263.7563981042645,178.56988590486435,1,-1,-1,-1
17,2,607.6843601895712,892.5839705107966,203.69004739336492,184.00988590486273,1,-1,-1,-1
17,3,833.8701421800929,819.9140881165506,222.05781990521206,267.0785044760434,1,-1,-1,-1
17,4,1615.8322274881484,801.585957521504,235.65308056872047,235.65503247322997,1,-1,-1,-1
17,5,636.8824644549735,397.3291205897842,322.35165876777086,245.7940389678775,1,-1,-1,-1
17,6,308.6331753554437,186.35986659645428,275.25308056871717,227.0591258557126,1,-1,-1,-1
17,7,1.0000000000000142,150.73393013866993,230.52132701421795,256.6740389678773,1,-1,-1,-1
17,10,1066.360189573453,144.62264349657735,196.758293838862,252.000814463752,1,-1,-1,-1
17,8,1797.156398104265,406.49605055292295,62.6625592417062,97.78058627347725,1,-1,-1,-1
17,9,1215.9027758970906,668.6596073121203,214.6563303994568,168.8331603099358,1,-1,-1,-1
17,11,1520.4710900473908,343.23945936457784,152.2255924170634,150.29754607688227,1,-1,-1,-1
18,2,607.6843601895691,944.1489064419865,200.55734597156308,142.84368615060623,1,-1,-1,-1
18,3,835.0037914691903,885.425171142706,222.0578199052089,201.5674214498875,1,-1,-1,-1
18,4,1610.4322274881488,867.6575601193608,248.25308056872078,219.33503247323165,1,-1,-1,-1
18,5,634.416113744076,470.6645602948922,324.15165876777104,247.60737230121077,1,-1,-1,-1
18,6,316.96682464454534,257.781709671757,269.8530805687189,217.9924591890463,1,-1,-1,-1
18,7,0.9999999999983653,224.06936984377785,230.52132701421786,236.9976057574155,1,-1,-1,-1
18,10,1050.1601895734486,203.55167983149028,209.35829383886454,258.2820712655782,1,-1,-1,-1
18,8,1794.1232227488158,473.72020361593866,62.66255924170541,97.78058627347725,1,-1,-1,-1
18,9,1216.5779282329017,738.3937531031377,222.15612728503444,169.53868652674436,1,-1,-1,-1
18,11,1515.0710900473919,423.72796910654694,155.82559241706085,139.41754607688304,1,-1,-1,-1
19,4,1615.8322274881536,929.4417131823769,237.45308056871738,157.55087941021642,1,-1,-1,-1
19,5,636.2161137440729,534.8330700368607,325.9516587677729,238.34017904160015,1,-1,-1,-1
19,6,316.96682464454534,319.66612603124406,269.85308056871736,216.17912585571318,1,-1,-1,-1
19,7,0.9999999999999574,288.2378795857473,230.52132701421786,226.1176057574155,1,-1,-1,-1
19,10,1050.160189573452,275.6448095488858,205.75829383886153,251.02873793224552,1,-1,-1,-1
19,8,1791.0900473933666,537.8887133579083,66.26255924170458,97.78058627347724,1,-1,-1,-1
19,9,1213.6530805687198,806.3145655608215,217.05592417061652,159.3642127435494,1,-1,-1,-1
19,11,1516.7715639810413,493.9075021941366,155.82559241705974,139.41754607688299,1,-1,-1,-1
20,5,628.3497630331753,678.4483061260322,333.91753554502213,268.89661225206186,1,-1,-1,-1
20,6,311.56682464454474,448.6744321572753,271.65308056871845,209.29628927505556,1,-1,-1,-1
20,7,0.9999999999952959,384.60618571177866,230.52132701421786,258.7576057574158,1,-1,-1,-1
20,10,1048.36018957345,415.9036124275933,206.99146919431556,223.82873793224474,1,-1,-1,-1
20,8,1800.189573459716,660.1144461997548,53.662559241705814,97.78058627347724,1,-1,-1,-1
20,9,1220.8530805687205,940.3217131823748,206.25592417061642,146.67087941021543,1,-1,-1,-1
20,11,1515.0710900473896,630.2694049499728,157.6255924170637,128.53754607688225,1,-1,-1,-1
21,5,631.283412322265,747.5860558188534,332.11753554502343,263.45661225206027,1,-1,-1,-1
21,6,309.7668246445464,509.0157486396344,271.65308056871817,205.66962260838955,1,-1,-1,-1
21,7,0.9999999999960917,447.90288221871305,230.5213270142178,253.4178690538869,1,-1,-1,-1
21,10,1049.49383886255,493.3364788485165,201.59146919431495,207.50873793224568,1,-1,-1,-1
21,8,1791.090047393365,699.8378093733551,64.46255924170491,119.17008952080036,1,-1,-1,-1
21,9,1319.5156398104261,1004.4902229243448,107.59336492891192,82.50236966824562,1,-1,-1,-1
21,11,1510.9042654028458,696.3515113217477,160.55924170615972,137.50394944707833,1,-1,-1,-1
22,5,629.4834123222726,821.3922555731099,337.517535545023,265.2699455853959,1,-1,-1,-1
22,6,312.1336492890975,587.6909250482703,262.65308056871737,196.6029559417228,1,-1,-1,-1
22,7,0.9999999999976835,515.0267719852566,230.5213270142178,253.41786905388713,1,-1,-1,-1
22,10,1050.727014217999,561.7026786027724,197.99146919431658,200.25540459891175,1,-1,-1,-1
22,8,1788.0568720379138,760.9506757942781,64.4625592417053,119.17008952080033,1,-1,-1,-1
22,11,1509.0047393364919,758.8069510268558,160.5592417061609,137.50394944707736,1,-1,-1,-1
22,12,1135.9241706161147,1.0074074074072057,230.52132701421624,108.66058627347707,1,-1,-1,-1
22,13,1743.2255924170622,1.007407407407407,175.82464454976315,92.17061611374406,1,-1,-1,-1
23,5,666.9156398104234,889.8186133052507,295.987677725118,197.1739792873438,1,-1,-1,-1
23,6,301.8009478672977,657.9707214323323,260.8530805687176,180.2829559417223,1,-1,-1,-1
23,7,1.0000000000000142,587.6909250482715,230.5213270142178,235.28453572055386,1,-1,-1,-1
23,10,1049.3943127961984,601.3563349131124,206.5241706161183,222.3859013515902,1,-1,-1,-1
23,8,1791.0900473933664,822.0635422152017,59.06255924170488,119.17008952080036,1,-1,-1,-1
23,11,1515.0710900473896,832.5128874846403,158.75924170616113,141.13061611374394,1,-1,-1,-1
23,12,1135.924170616118,1.007407407407117,247.7554502369644,168.0603826575388,1,-1,-1,-1
23,14,301.4331753554488,1.007407407407465,258.55545023696504,125.75213621204146,1,-1,-1,-1
23,15,1367.778199052133,1.007407407407436,270.2208530805673,155.83780937335436,1,-1,-1,-1
23,13,1745.0255924170629,1.0074074074074746,172.22464454976304,150.19728278041072,1,-1,-1,-1
24,5,711.9156398104234,962.4827663682631,192.52227488151541,124.50982622432811,1,-1,-1,-1
24,6,301.80094786729194,731.3061611374419,264.45308056871744,145.8296226083872,1,-1,-1,-1
24,7,0.9999999999970584,647.0907214323331,230.5213270142178,251.9750324732304,1,-1,-1,-1
24,10,1053.660663507102,670.1932947165168,202.9241706161162,213.31923468492306,1,-1,-1,-1
24,8,1791.0900473933657,883.1764086361245,96.86255924170572,119.17008952080033,1,-1,-1,-1
24,11,1509.0047393364894,899.3665437949783,160.55924170616154,137.50394944707736,1,-1,-1,-1
24,12,1132.9905213270154,1.007407407407407,250.88815165876633,243.1088923995089,1,-1,-1,-1
24,14,280.6682464454986,1.0074074074078225,278.95260663507014,202.71424258381614,1,-1,-1,-1
24,15,1377.444549763035,1.0074074074074084,263.02085308056616,223.43245918904717,1,-1,-1,-1
24,13,1744.3090047393375,10.675653852905112,174.6909952606639,227.2290960154472,1,-1,-1,-1
24,16,603.6170616113695,1.0074074074074295,286.32132701421597,141.97187291556963,1,-1,-1,-1
25,6,289.8672985781938,845.7075373003329,284.2530805687189,173.4001193610674,1,-1,-1,-1
25,7,0.9999999999943295,783.5528874846415,230.52132701421777,247.5768158679999,1,-1,-1,-1
25,10,1036.127962085296,807.6972441635957,222.72417061611856,218.75923468492104,1,-1,-1,-1
25,8,1794.1232227488151,967.8225030717921,78.86255924170568,119.17008952080036,1,-1,-1,-1
25,12,1131.7573459715659,135.45571353343837,243.68815165876615,246.7355590661755,1,-1,-1,-1
25,14,276.40189573459594,70.81644374232066,280.7526066350704,261.9135123749338,1,-1,-1,-1
25,15,1355.27772511848,120.00752676847458,286.42085308056556,236.12579252238098,1,-1,-1,-1
25,13,1740.7090047393378,158.9593400035108,178.2909952606625,212.72242934878022,1,-1,-1,-1
25,16,597.3516587677677,62.12027382833002,290.88625592416975,265.6404423380724,1,-1,-1,-1
25,17,0.9999999999952648,116.1096717570657,154.4928909952627,112.68830612603138,1,-1,-1,-1
26,6,290.4341232227426,917.2191398981905,278.85308056871975,169.77345269440193,1,-1,-1,-1
26,7,0.9999999999937046,848.1921572757607,230.52132701421777,238.51014920133267,1,-1,-1,-1
26,10,1036.127962085296,875.4866912410046,215.52417061611987,211.505901351589,1,-1,-1,-1
26,12,1126.3573459715622,200.96679655959278,247.2881516587656,248.548892399509,1,-1,-1,-1
26,14,271.00189573459403,132.40007021239302,282.5526066350698,271.18070563454376,1,-1,-1,-1
26,15,1357.0777251184854,189.3152466210286,279.2208530805664,243.37912585571365,1,-1,-1,-1
26,13,1738.9090047393358,231.42296647358276,180.09099526066584,209.09576268211356,1,-1,-1,-1
26,16,590.151658767767,123.23314024925375,296.2862559241722,267.9942425838151,1,-1,-1,-1
26,17,0.9999999999977283,182.56227488151703,147.292890995262,118.1283061260313,1,-1,-1,-1
27,6,292.23412322274396,981.4879129366338,273.45308056871755,105.50467965596037,1,-1,-1,-1
27,7,0.9999999999969712,922.8596664911373,219.5222748815165,164.13292610145675,1,-1,-1,-1
27,10,1036.127962085296,946.4683307003651,219.95924170616863,140.5242618922282,1,-1,-1,-1
27,12,1119.624644549764,272.95966298051536,249.18767772511873,248.54889239950853,1,-1,-1,-1
27,14,280.56872037914263,208.79115323854685,269.9526066350709,276.62070563454364,1,-1,-1,-1
27,15,1347.9781990521299,260.26632964718317,290.0208530805654,241.76631911532465,1,-1,-1,-1
27,13,1735.875829383881,285.85352290679344,180.09099526066333,219.9757626821134,1,-1,-1,-1
27,16,588.252132701419,196.09781990521304,298.0862559241682,260.74090925048165,1,-1,-1,-1
27,17,0.9999999999972762,247.97309461119985,150.89289099526198,123.56830612603078,1,-1,-1,-1
28,7,0.999999999997798,996.6658662453937,212.32227488151608,90.32672634720014,1,-1,-1,-1
28,12,1115.3582938388631,340.8551026856233,249.18767772511794,237.6688923995087,1,-1,-1,-1
28,14,267.8691943127964,277.9289029313676,277.15260663507047,263.92737230121116,1,-1,-1,-1
28,15,1346.7450236966822,340.18381604353203,286.4208530805669,232.6996524486573,1,-1,-1,-1
28,13,1730.9431279620792,365.6707460066712,187.29099526066358,212.72242934878042,1,-1,-1,-1
28,16,584.6521327014171,258.753786203265,296.2862559241698,266.1809092504812,1,-1,-1,-1
28,17,0.9999999999970969,320.13593119185583,141.8928909952615,105.43497279269789,1,-1,-1,-1
29,12,1111.658767772512,410.4636124275929,247.38767772511872,252.17555906617505,1,-1,-1,-1
29,14,258.8691943127957,345.2533192908548,282.55260663507016,272.9940389678774,1,-1,-1,-1
29,15,1360.3791469194284,406.93720905739883,268.42085308056875,236.32631911532405,1,-1,-1,-1
29,13,1726.7763033175302,447.5018290328257,192.69099526066404,198.21576268211274,1,-1,-1,-1
29,16,579.2521327014172,334.8440793400042,294.486255924169,257.1142425838145,1,-1,-1,-1
29,17,0.9999999999958177,389.27368088467773,141.8928909952623,109.06163945936363,1,-1,-1,-1
29,18,1764.3080568720388,1.0074074074077441,118.29383886255994,67.22415306301541,1,-1,-1,-1
30,12,1102.5592417061634,535.744988590485,236.587677725117,269.93839564683185,1,-1,-1,-1
30,14,247.40284360189372,485.8129120589777,287.95260663506906,282.0607056345437,1,-1,-1,-1
30,15,1341.0464454976257,549.9814218009491,281.02085308057065,236.32631911532522,1,-1,-1,-1
30,13,1715.7772511848273,602.8688783570306,200.55734597156606,181.1242127435498,1,-1,-1,-1
30,16,573.0862559241648,468.15033877479345,294.4862559241712,257.1142425838162,1,-1,-1,-1
30,17,0.9999999999872254,424.82991047920217,120.66066350711009,165.97681586799882,1,-1,-1,-1
30,18,1739.1080568720367,1.007407407407486,179.8919431279605,191.06269264525187,1,-1,-1,-1
30,19,1126.824644549763,1.0074074074075758,152.1260663507106,88.61365631033881,1,-1,-1,-1
30,20,245.5033175355418,1.007407407407407,290.7867298578203,200.3298859048623,1,-1,-1,-1
30,21,0.9999999999943074,1.0074074074074069,225.87203791469338,112.41807266982624,1,-1,-1,-1
31,12,1102.5592417061619,597.6294049499721,236.58767772511686,275.3783956468321,1,-1,-1,-1
31,14,245.60284360189462,563.9170651219947,284.35260663506847,265.74070563454444,1,-1,-1,-1
31,15,1342.2796208530795,622.0745515183428,273.8208530805691,234.51298578199092,1,-1,-1,-1
31,13,1714.6436018957306,684.6999613831837,200.4578199052107,158.32242934878127,1,-1,-1,-1
31,16,565.7867298578167,554.0788485167624,294.48625592416755,224.47424258381446,1,-1,-1,-1
31,17,0.9999999999987922,490.34099350535456,124.72796208531004,198.616815868002,1,-1,-1,-1
31,18,1749.9080568720365,4.834600667017957,169.0919431279619,247.77734246094462,1,-1,-1,-1
31,19,1126.824644549762,7.118694049499869,139.52606635071075,134.4483061260313,1,-1,-1,-1
31,20,234.7033175355414,1.0074074074074075,292.58672985781817,262.0137756714058,1,-1,-1,-1
31,21,0.9999999999946578,1.0074074074074457,216.8720379146922,175.88473933649288,1,-1,-1,-1
31,22,747.6777251184834,0.09548885378269263,233.55450236966814,161.9490960154467,1,-1,-1,-1
31,23,1421.7090047393374,1.007407407407407,248.8890995260657,116.68546954537483,1,-1,-1,-1
32,12,1097.1592417061581,662.9399613831838,247.38767772511915,282.16096893101485,1,-1,-1,-1
32,14,238.203791469188,627.6148148148176,286.1526066350718,278.4340389678763,1,-1,-1,-1
32,15,1331.4796208530774,697.7943479024034,277.42085308056966,230.98658241179686,1,-1,-1,-1
32,13,1709.9099526066248,685.2709847288035,197.5933649289141,229.04242934877934,1,-1,-1,-1
32,16,562.1867298578137,611.1945515183426,294.48625592416835,237.16757591714958,1,-1,-1,-1
32,17,0.9999999999971768,555.5512866420919,115.72796208530964,202.2434825346684,1,-1,-1,-1
32,18,1733.708056872034,75.6854203967003,185.29194312795954,240.5240091276112,1,-1,-1,-1
32,19,1114.6919431279584,1.0074074074074058,232.02274881516902,207.78374583113887,1,-1,-1,-1
32,20,227.60284360189425,55.53822713709005,298.65308056871896,282.1609689310156,1,-1,-1,-1
32,21,0.9999999999956228,1.1076707038794742,216.872037914692,228.2011725469546,1,-1,-1,-1
32,22,742.2777251184821,1.0074074074074117,244.35450236966838,229.07298578199007,1,-1,-1,-1
32,23,1418.1090047393318,1.0074074074078292,248.8890995260689,181.6255292259079,1,-1,-1,-1
33,12,1093.5592417061634,729.4928278041065,245.5876777251177,285.78763559768316,1,-1,-1,-1
33,14,240.0037914691899,699.0366578901188,286.1526066350724,276.62070563454404,1,-1,-1,-1
33,15,1339.1469194312813,767.973880989994,267.95355450237054,234.61324907846299,1,-1,-1,-1
33,13,1712.7440758293797,763.5756643847625,193.2578199052164,233.94196243637145,1,-1,-1,-1
33,16,558.4872037914616,680.232037914691,295.15260663506956,254.93041249780563,1,-1,-1,-1
33,17,0.9999999999980089,622.1041530630152,119.32796208531052,205.87014920133475,1,-1,-1,-1
33,18,1727.4426540284328,147.77855011409554,191.55734597156408,231.45734246094477,1,-1,-1,-1
33,19,1093.0919431279594,1.0074074074074073,250.8881516587643,278.06354221520075,1,-1,-1,-1
33,20,224.27109004739012,124.00469018781824,298.8521327014219,293.0409689310161,1,-1,-1,-1
33,21,0.9999999999973833,25.45255397577711,216.87203791469148,290.08558890644207,1,-1,-1,-1
33,22,733.8445497630304,41.161425311567804,252.68815165876765,265.06941899245174,1,-1,-1,-1
33,23,1396.5090047393332,39.7892504827106,266.8890995260683,217.89219589257488,1,-1,-1,-1
34,12,1091.0928909952604,785.9372441635937,241.98767772511752,298.4809689310167,1,-1,-1,-1
34,14,229.20379146919336,767.6033842373192,287.9526066350695,278.434038967879,1,-1,-1,-1
34,15,1333.0805687203774,839.5962506582401,267.9535545023703,236.42658241179703,1,-1,-1,-1
34,13,1702.6104265402853,826.5018641390207,198.657819905217,243.0086291030352,1,-1,-1,-1
34,16,552.5203791469168,756.4225943479033,296.95260663506616,248.6185992627687,1,-1,-1,-1
34,17,0.9999999999939015,695.6401193610685,113.92796208531,189.55014920133428,1,-1,-1,-1
34,18,1727.4426540284378,217.95808320168535,191.55734597156462,229.6440091276111,1,-1,-1,-1
34,19,1105.5924170616076,22.79796384061868,232.8881516587663,314.3302088818676,1,-1,-1,-1
34,20,219.0701421800914,195.52679655959312,304.25213270141836,291.2276355976824,1,-1,-1,-1
34,21,0.9999999999988682,91.53466034755155,207.8720379146921,288.2722555731086,1,-1,-1,-1
34,22,723.5118483412315,113.15429173249102,259.8881516587671,261.44275232578497,1,-1,-1,-1
34,23,1396.5090047393305,111.3113568544851,256.0890995260721,214.26552922590807,1,-1,-1,-1
35,12,1075.2606635071118,918.9322099350534,236.58767772511683,168.06038265753864,1,-1,-1,-1
35,14,217.07109004739,918.5617131823766,281.1203791469197,168.43087941021687,1,-1,-1,-1
35,15,1324.0805687203808,988.3793435141291,267.95355450237076,98.61324907846588,1,-1,-1,-1
35,13,1703.644549763027,970.8781463928381,169.85781990521636,116.11444619975437,1,-1,-1,-1
35,16,538.3886255924137,898.3142566262958,269.95260663506656,188.67833596629725,1,-1,-1,-1
35,17,0.9999999999994281,854.5335720554672,103.12796208530894,205.87014920133493,1,-1,-1,-1
35,18,1720.242654028435,364.62896261190093,198.75734597156386,224.20400912761133,1,-1,-1,-1
35,19,1079.1592417061593,175.17907670703917,250.88815165876818,278.06354221520064,1,-1,-1,-1
35,20,209.10521327013998,343.23945936457835,300.65213270142306,289.4143022643485,1,-1,-1,-1
35,21,0.9999999999965904,238.205539757768,200.67203791469277,286.45892223977603,1,-1,-1,-1
35,22,710.345023696682,252.57183780937382,268.88815165876923,257.81608565911796,1,-1,-1,-1
35,23,1387.309952606633,248.7150430050907,258.18767772512007,217.89219589257485,1,-1,-1,-1
36,12,1075.2606635071115,998.3789362822536,188.0568720379132,88.61365631033935,1,-1,-1,-1
36,14,253.270142180094,946.4329998244682,230.52132701421826,140.55959276812422,1,-1,-1,-1
36,16,538.3886255924119,976.5186729857834,278.95260663506656,110.47391960680875,1,-1,-1,-1
36,18,1740.042654028435,434.9087589959627,178.9573459715643,216.95067579427783,1,-1,-1,-1
36,19,1096.4928909952578,248.51451641214732,227.48815165876624,278.0635422152007,1,-1,-1,-1
36,20,213.83886255923963,408.17951904511165,295.91848341232264,295.62585220291373,1,-1,-1,-1
36,21,0.9999999999993182,312.6830261541165,216.8720379146915,281.0189222397755,1,-1,-1,-1
36,22,708.2464454976268,327.0493242057227,265.48720379147113,257.81608565911824,1,-1,-1,-1
36,23,1381.9099526066325,319.76638932771675,263.58767772511777,225.14552922590784,1,-1,-1,-1
37,14,365.49763033175253,1001.4345796032993,118.29383886255953,85.55801298929256,1,-1,-1,-1
37,18,1723.842654028436,505.1885553800242,195.15734597156626,224.20400912761127,1,-1,-1,-1
37,19,1081.9933649289069,312.78328945058894,238.2881516587664,277.96327891872875,1,-1,-1,-1
37,20,199.43886255924056,483.79905213270126,299.51848341232176,284.7458522029132,1,-1,-1,-1
37,21,0.9999999999993034,379.90717921713195,192.60663507108947,282.8322555731088,1,-1,-1,-1
37,22,701.7127962085292,394.94476391083043,267.2872037914696,263.2560856591176,1,-1,-1,-1
37,23,1380.0104265402827,394.71463577321435,261.78767772512055,225.91707916447191,1,-1,-1,-1
38,18,1709.442654028435,578.5239950851326,209.55734597156405,216.950675794278,1,-1,-1,-1
38,19,1075.3601895734569,386.0184658592249,243.6881516587652,268.896612252062,1,-1,-1,-1
38,20,197.63886255923748,543.8701351588558,301.318483412322,301.06585220291356,1,-1,-1,-1
38,21,0.99999999999794,450.18697560119364,192.60663507108947,286.4589222397753,1,-1,-1,-1
38,22,697.4464454976295,462.8402036159382,270.8872037914708,261.4427523257844,1,-1,-1,-1
38,23,1374.6104265402803,470.53469545374816,261.78767772511765,224.10374583113955,1,-1,-1,-1
39,18,1740.042654028435,645.7481481481481,178.9573459715643,216.95067579427783,1,-1,-1,-1
39,19,1084.3601895734548,459.35390556433265,221.42180094786812,244.4514656836926,1,-1,-1,-1
39,20,201.70616113744006,630.469931542917,294.21800947867354,281.1191855362466,1,-1,-1,-1
39,21,0.9999999999998765,514.3554853431623,183.50710900473868,281.11918553624764,1,-1,-1,-1
39,22,708.2464454976308,534.833070036862,245.6872037914689,250.56275232578457,1,-1,-1,-1
39,23,1399.8104265402815,541.8562752325787,236.5876777251187,207.7837458311385,1,-1,-1,-1
40,18,1718.810426540284,792.4190275583642,200.18957345971674,216.95067579427797,1,-1,-1,-1
40,19,1055.3611374407542,606.024784974549,252.1213270142165,250.562752325785,1,-1,-1,-1
40,20,190.23981042653918,767.9738809899945,290.5184834123221,286.55918553624633,1,-1,-1,-1
40,21,0.9999999999988819,676.3045813586097,180.47393364928845,269.3673723012111,1,-1,-1,-1
40,22,693.0805687203765,666.225732841847,258.2872037914704,272.32275232578394,1,-1,-1,-1
40,23,1367.2113744075787,688.5271546427952,263.58767772511885,215.03707916447155,1,-1,-1,-1
40,24,62.18009478672955,1.0074074074074113,288.1516587677725,77.5331297173951,1,-1,-1,-1
40,25,438.2938388625592,0.09548885378269263,276.0189573459716,134.44830612603124,1,-1,-1,-1
40,26,732.511848341232,1.007407407407329,191.09004739336493,73.3354397051081,1,-1,-1,-1
40,27,1091.0928909952613,1.0074074074074508,226.52322274881573,129.47429173249103,1,-1,-1,-1
41,18,1718.8104265402828,853.5318939792875,200.18957345971674,216.95067579427797,1,-1,-1,-1
41,19,1066.1611374407537,676.3045813586103,230.52132701421743,250.5627523257849,1,-1,-1,-1
41,20,192.60663507108939,827.2629103036693,285.11848341232263,259.72968228892296,1,-1,-1,-1
41,21,1.0000000000000178,743.5287344216246,180.47393364928837,256.6740389678785,1,-1,-1,-1
41,22,693.0805687203791,742.6168158680002,245.6872037914689,250.56275232578457,1,-1,-1,-1
41,23,1369.4786729857797,764.9182376689483,251.7535545023706,207.78374583113842,1,-1,-1,-1
41,24,31.580094786728377,0.09548885378329393,318.75165876776975,141.0303528172717,1,-1,-1,-1
41,25,438.29383886255744,0.09548885378291541,276.0189573459714,220.47707916447231,1,-1,-1,-1
41,26,680.3118483412335,1.007407407407188,243.29004739336477,143.6152360891699,1,-1,-1,-1
41,27,1096.4928909952564,1.0074074074077197,229.089099526066,199.18306477093216,1,-1,-1,-1
41,28,1527.3033175355447,1.0074074074074395,239.52132701421814,145.3283061260313,1,-1,-1,-1
42,18,1718.810426540281,925.0434965771453,200.18957345971668,161.9490960154467,1,-1,-1,-1
42,19,1066.161137440754,749.6400210637185,230.52132701421743,250.5627523257849,1,-1,-1,-1
42,20,192.60663507108936,912.8209232929619,285.1184834123222,174.17166929963074,1,-1,-1,-1
42,21,1.0000000000000173,842.5411269088991,180.47393364928826,201.67245918904686,1,-1,-1,-1
42,22,702.1800947867292,819.0078988941546,245.68720379146873,229.1732490784616,1,-1,-1,-1
42,23,1366.4454976303293,844.3649640161486,251.7535545023706,207.78374583113842,1,-1,-1,-1
42,24,0.9999999999955148,1.007407407407407,340.35165876777575,201.00117254695448,1,-1,-1,-1
42,25,439.62654028435594,8.992185360716247,265.58672985781936,283.5732490784619,1,-1,-1,-1
42,26,689.1127962085296,1.0074074074072719,232.6890995260636,211.98143584342628,1,-1,-1,-1
42,27,1086.4587677725067,10.475127259961614,240.55545023696286,261.13718799368115,1,-1,-1,-1
42,28,1527.303317535548,1.0074074074074117,250.32132701421796,223.53272248551878,1,-1,-1,-1
43,18,1706.21042654028,992.2676496401613,212.78957345971583,94.72494295243109,1,-1,-1,-1
43,19,1060.094786729853,816.8641741267338,243.1213270142172,260.7714656836921,1,-1,-1,-1
43,20,277.535545023696,976.9894330349315,189.75734597156406,110.00315955766033,1,-1,-1,-1
43,21,0.9999999999976208,886.2922099350537,179.70805687203762,200.70038265753954,1,-1,-1,-1
43,22,685.3137440758281,891.4314200456389,265.4872037914688,195.5611725469533,1,-1,-1,-1
43,23,1360.4786729857815,928.099139898193,260.7535545023708,158.89345269439934,1,-1,-1,-1
43,24,0.9999999999943048,1.007407407407407,336.38671031416726,275.69056544500785,1,-1,-1,-1
43,25,439.08839595446057,85.6818531728585,274.5867298578206,270.8799157451286,1,-1,-1,-1
43,26,677.9540333219321,26.562321496754404,241.68909952606447,264.92329151352953,1,-1,-1,-1
43,27,1093.6649533395232,88.61047662995023,234.6111203400589,249.34740563400229,1,-1,-1,-1
43,28,1516.323936092248,35.628988163421056,254.4594713441163,257.9735930468023,1,-1,-1,-1
44,18,1718.8104265402785,1041.1579427768997,142.5592417061635,45.83464981569196,1,-1,-1,-1
44,19,1066.161137440756,891.4314200456383,230.5213270142179,195.56117254695369,1,-1,-1,-1
44,21,0.9999999999971164,963.1540530103562,177.90805687203803,123.83853958223682,1,-1,-1,-1
44,22,681.7137440758261,958.6555731086548,267.7545023696697,128.33701948393764,1,-1,-1,-1
44,23,1390.710900473932,986.1563629980698,215.35545023696724,100.83622959452195,1,-1,-1,-1
44,24,0.99999999999847,73.8750993921566,329.72485464406367,273.3288701414568,1,-1,-1,-1
44,25,428.6533444080688,151.11763782348865,280.8836370743151,273.23537966265485,1,-1,-1,-1
44,26,676.5189817755418,95.99242458953792,269.9447696291592,261.29039346083806,1,-1,-1,-1
44,27,1071.5268090096251,160.21533344552878,254.41112034005718,259.13691307959186,1,-1,-1,-1
44,28,1517.5857917623514,106.69171439480711,254.45947134411765,261.60025971346903,1,-1,-1,-1
45,19,1066.1611374407587,1038.102299455853,206.2559241706168,48.89029313673823,1,-1,-1,-1
45,24,0.9999999999997454,213.81956674610845,329.7248546440627,273.3288701414568,1,-1,-1,-1
45,25,436.57087018126725,314.99685890023545,264.6836370743147,235.15537966265444,1,-1,-1,-1
45,26,702.4365075487393,246.27476135929737,223.14476962915901,248.5970601275045,1,-1,-1,-1
45,27,1070.091757463231,312.85313413281386,256.922460546245,231.93691307959196,1,-1,-1,-1
45,28,1530.3651732056503,250.26284841542568,236.45947134411625,250.72025971346886,1,-1,-1,-1
45,29,668.0412371134021,1.6201603665521191,186.0618556701031,107.67835051546393,1,-1,-1,-1
45,30,1008.4948453608254,1.0074074074073494,134.59793814433124,63.809392898052685,1,-1,-1,-1
46,24,8.095763912640585,287.23775689502025,309.92485464406207,273.3288701414568,1,-1,-1,-1
46,25,434.5914887379683,388.77646943860884,264.6836370743147,235.15537966265444,1,-1,-1,-1
46,26,677.9602188889459,318.0603283696065,242.2210582889529,248.59706012750453,1,-1,-1,-1
46,27,1070.0917574632313,386.63274467118737,256.9224605462449,242.81691307959198,1,-1,-1,-1
46,28,1528.3857917623511,324.0424589537994,236.45947134411625,263.4135930468022,1,-1,-1,-1
46,29,668.0412371134026,1.6201603665522104,186.06185567010328,186.3558304696449,1,-1,-1,-1
46,30,963.6804123711368,1.0074074074074073,223.14432989690917,127.6187857961055,1,-1,-1,-1
47,24,0.9999999999985588,361.3787878228553,331.52485464406317,273.3288701414568,1,-1,-1,-1
47,25,415.5152000781724,468.53821056117533,304.2836370743173,235.15537966265458,1,-1,-1,-1
47,26,681.5602188889459,389.8458953799159,278.2210582889523,248.59706012750453,1,-1,-1,-1
47,27,1068.1123760199334,454.4302246253684,256.9224605462449,250.07024641292534,1,-1,-1,-1
47,28,1520.8270288757533,401.81015654830145,240.0594713441121,257.9735930468025,1,-1,-1,-1
47,29,664.0824742268054,19.566552119129504,193.97938144330308,233.3030927835058,1,-1,-1,-1
47,30,972.8659793814475,1.0074074074074206,211.79381443299306,187.44009163803,1,-1,-1,-1
47,31,1357.8556701030927,1.6201603665521191,188.04123711340208,187.4400916380297,1,-1,-1,-1
47,32,417.6494845360825,1.6201603665521134,178.14432989690712,105.6843069873998,1,-1,-1,-1
47,33,114.80412371134031,1.0074074074074375,247.42268041237142,169.4936998854527,1,-1,-1,-1
47,34,1707.8999999999994,1.007407407407407,127.80000000000021,110.61333333333334,1,-1,-1,-1
48,24,16.01328968583647,438.7850650278956,309.92485464406207,273.3288701414568,1,-1,-1,-1
48,25,422.7152000781745,538.3297340434203,264.6836370743147,235.15537966265444,1,-1,-1,-1
48,26,690.5602188889455,461.6314623902252,235.02105828895324,248.5970601275045,1,-1,-1,-1
48,27,1064.1536131333357,538.1800528040628,256.9224605462449,231.93691307959202,1,-1,-1,-1
48,28,1480.8806371231763,477.58381061473887,283.96462598329293,264.6785644099189,1,-1,-1,-1
48,29,675.9587628865992,79.38785796105397,193.97938144330308,233.3030927835058,1,-1,-1,-1
48,30,959.0103092783547,14.965712103856456,225.6494845360896,235.29713631157017,1,-1,-1,-1
48,31,1359.835051546394,57.45337915234822,188.04123711340242,213.36265750286418,1,-1,-1,-1
48,32,411.7113402061856,1.6201603665521285,186.06185567010402,169.49369988545268,1,-1,-1,-1
48,33,124.70103092783516,10.977625047728164,243.46391752577466,247.26139747995532,1,-1,-1,-1
48,34,1639.4999999999995,1.0074074074074102,190.8000000000005,183.14666666666668,1,-1,-1,-1
49,24,0.17823813944471503,508.5765885101408,325.75990619045416,285.2931313098425,1,-1,-1,-1
49,25,428.6533444080714,602.1391269414733,264.6836370743147,235.15537966265444,1,-1,-1,-1
49,26,698.4777446621415,539.3991599847268,235.02105828895324,248.5970601275045,1,-1,-1,-1
49,27,1064.1536131333362,611.9596633424362,256.9224605462449,231.93691307959202,1,-1,-1,-1
49,28,1486.818781453074,541.3932035127916,283.96462598329293,264.6785644099189,1,-1,-1,-1
49,29,677.9381443298989,173.1079037800688,170.22680412371463,215.35670103092883,1,-1,-1,-1
49,30,962.9690721649526,78.7751050019092,225.64948453608966,235.29713631157023,1,-1,-1,-1
49,31,1361.814432989693,95.34020618556707,188.04123711340242,213.36265750286427,1,-1,-1,-1
49,32,421.60824742268056,51.47124856815579,182.10309278350732,181.45796105383778,1,-1,-1,-1
49,33,120.74226804123722,70.79893088965255,243.46391752577466,247.26139747995532,1,-1,-1,-1
49,34,1632.899999999996,30.625185185185135,199.80000000000192,221.83111111111114,1,-1,-1,-1
50,24,0.999999999999204,658.1298531149536,325.75990619045416,273.51581172221273,1,-1,-1,-1
50,25,434.59148873796903,697.8532162885523,282.49807006400624,273.04220669587465,1,-1,-1,-1
50,26,694.5189817755435,682.9702940053453,235.02105828895324,248.5970601275045,1,-1,-1,-1
50,27,1079.9886646797277,749.5486667788629,256.9224605462448,245.89521777604048,1,-1,-1,-1
50,28,1494.73630722627,688.9524245895385,283.96462598329293,264.6785644099189,1,-1,-1,-1
50,29,672.7175257731964,323.6706529209622,224.22680412371608,215.35670103092886,1,-1,-1,-1
50,30,969.5381443299011,215.1053684612449,225.64948453608966,240.73713631157025,1,-1,-1,-1
50,31,1356.4144329896926,239.28522336769802,195.24123711340158,215.17599083619766,1,-1,-1,-1
50,32,421.96701030927693,191.78959908361978,187.50309278350758,188.71129438717125,1,-1,-1,-1
50,33,122.44948453608275,221.99728140511652,247.51546391752728,247.26139747995535,1,-1,-1,-1
50,34,1644.2999999999963,166.32296296296295,195.30000000000126,222.43555555555562,1,-1,-1,-1
51,24,0.9999999999987562,723.9332895410702,340.15990619045476,266.26247838887923,1,-1,-1,-1
51,25,425.5914887379689,773.6268703549896,291.49807006400664,311.1222066958751,1,-1,-1,-1
51,26,698.4777446621406,755.6656433753341,235.0210582889535,254.0370601275047,1,-1,-1,-1
51,27,1074.0505203498305,823.3282773172364,256.9224605462448,245.89521777604048,1,-1,-1,-1
51,28,1532.7156886695686,760.7379915998478,247.96462598329325,277.3718977432522,1,-1,-1,-1
51,29,681.8969072164969,394.4467353951892,170.22680412371454,215.35670103092883,1,-1,-1,-1
51,30,968.90721649485,286.15563192058045,225.64948453608966,235.29713631157023,1,-1,-1,-1
51,31,1361.814432989693,310.69690721649505,188.04123711340242,213.36265750286427,1,-1,-1,-1
51,32,429.5257731958764,266.8279495990835,182.10309278350738,181.45796105383775,1,-1,-1,-1
51,33,138.55670103092797,286.1556319205804,233.56701030928005,247.26139747995532,1,-1,-1,-1
51,34,1641.299999999998,236.74074074074062,190.80000000000055,223.04000000000008,1,-1,-1,-1
52,24,16.835051546391774,805.6890741917,325.75990619045416,255.38247838887972,1,-1,-1,-1
52,25,458.34406605755777,847.849125873809,254.78672985782094,239.14346671878948,1,-1,-1,-1
52,26,708.3746518786364,830.5295150820921,235.02105828895324,248.5970601275045,1,-1,-1,-1
52,27,1085.9268090096266,890.9484630181532,239.10802755655226,196.04412957443927,1,-1,-1,-1
52,28,1536.3033175355495,842.2544634633148,244.3769971173184,244.73812912928167,1,-1,-1,-1
52,29,683.8762886597958,468.2263459335625,170.22680412371454,215.35670103092883,1,-1,-1,-1
52,30,1004.5360824742315,359.9352424589539,197.93814432990465,235.29713631157023,1,-1,-1,-1
52,31,1375.6701030927861,382.48247422680436,188.04123711340242,213.36265750286427,1,-1,-1,-1
52,32,427.54639175257745,338.613516609393,182.10309278350738,181.45796105383775,1,-1,-1,-1
52,33,138.55670103092797,363.9233295150824,233.56701030928005,231.3090492554419,1,-1,-1,-1
52,34,1644.2249999999976,304.8666666666668,194.10000000000028,226.06222222222223,1,-1,-1,-1
53,24,14.855670103092804,881.4612024053168,325.75990619045416,205.53139018727748,1,-1,-1,-1
53,25,460.32344750085707,929.604910524439,252.80734841452212,157.38768206816198,1,-1,-1,-1
53,26,718.2715590951316,894.2287512508843,235.02105828895324,192.76384134170965,1,-1,-1,-1
53,27,1117.5969121024104,962.7340300284628,207.43792446377205,124.2585625641327,1,-1,-1,-1
53,28,1536.3033175355483,916.0340740016887,244.3769971173184,170.95851859090988,1,-1,-1,-1
53,29,687.8350515463937,516.0833906071023,170.22680412371454,233.30309278350677,1,-1,-1,-1
53,30,1000.5773195876334,427.73272241313526,197.93814432990465,243.2733104238263,1,-1,-1,-1
53,31,1379.6288659793843,450.27995418098544,188.04123711340242,213.36265750286427,1,-1,-1,-1
53,32,443.3814432989694,408.40504009163817,182.10309278350738,181.45796105383775,1,-1,-1,-1
53,33,136.577319587629,437.70294005345596,233.56701030928005,231.3090492554419,1,-1,-1,-1
53,34,1647.1499999999974,372.99259259259287,197.40000000000003,229.0844444444444,1,-1,-1,-1
54,24,50.48453608247425,961.222943527883,290.1310402110729,125.76964906471399,1,-1,-1,-1
54,25,499.91107636683677,987.4321728382994,175.61147212586323,99.5604197543052,1,-1,-1,-1
54,26,718.2715590951314,956.0441006208729,235.02105828895324,130.94849197172124,1,-1,-1,-1
54,27,1200.7309327209678,1006.602987645874,78.77813064934392,80.38960494672529,1,-1,-1,-1
54,28,1577.87032784483,985.8255974839345,177.07802804515543,101.16699510866778,1,-1,-1,-1
54,29,691.7938144329922,571.9166093928986,186.06185567010655,233.30309278350686,1,-1,-1,-1
54,30,1000.5773195876329,503.506376479573,197.93814432990465,243.2733104238263,1,-1,-1,-1
54,31,1377.6494845360853,524.0595647193588,188.04123711340242,213.36265750286427,1,-1,-1,-1
54,32,447.3402061855673,478.19656357388357,182.10309278350738,181.45796105383775,1,-1,-1,-1
54,33,132.6185567010311,515.4706376479578,233.56701030928005,231.3090492554419,1,-1,-1,-1
54,35,868.9484536082474,1.6201603665521191,174.18556701030911,59.82130584192439,1,-1,-1,-1
54,36,1239.0927835051546,1.6201603665521191,176.1649484536083,69.79152348224513,1,-1,-1,-1
54,34,1650.0749999999973,441.118518518519,200.69999999999976,232.10666666666654,1,-1,-1,-1
55,29,694.7628865979406,715.8616265750294,186.0618556701066,256.87642611684106,1,-1,-1,-1
55,30,1016.3257731958797,640.1980603283704,197.93814432990473,270.4733104238266,1,-1,-1,-1
55,31,1374.315463917525,661.748270332189,199.65154639175495,248.71954180985216,1,-1,-1,-1
55,32,435.7298969072166,618.3342038946172,189.3030927835067,197.77796105383825,1,-1,-1,-1
55,33,142.33608247422646,654.4305460099282,233.56701030928016,251.25571592210807,1,-1,-1,-1
55,35,843.7484536082443,0.4299656357388622,273.98350515464364,225.26460481099767,1,-1,-1,-1
55,36,1228.923711340205,0.07477663230240522,233.8453608247487,222.1738373424981,1,-1,-1,-1
55,37,443.5608247422652,1.0074074074074146,294.92783505154716,149.53457044673544,1,-1,-1,-1
55,38,137.47422680411904,1.0074074074074084,258.58144329896896,131.21429553264608,1,-1,-1,-1
55,34,1664.6999999999966,596.5866666666669,193.5000000000002,220.32000000000025,1,-1,-1,-1
56,29,697.7319587628891,787.2733104238265,186.06185567010655,233.30309278350686,1,-1,-1,-1
56,30,1010.474226804128,718.8630775105008,197.93814432990465,243.2733104238263,1,-1,-1,-1
56,31,1403.3814432989716,741.410309278351,186.06185567010652,233.3030927835073,1,-1,-1,-1
56,32,449.31958762886626,689.5651775486831,182.10309278350738,181.45796105383775,1,-1,-1,-1
56,33,148.45360824742295,720.857121038565,233.56701030928005,231.3090492554419,1,-1,-1,-1
56,35,868.9484536082481,75.3997709049256,251.38144329897446,209.37457044673704,1,-1,-1,-1
56,36,1233.1546391752574,27.542726231386013,237.52577319588582,251.2494845360841,1,-1,-1,-1
56,39,1605.2783505154641,73.40572737686139,156.37113402061846,97.70813287514316,1,-1,-1,-1
56,37,445.3608247422671,1.0074074074074217,294.927835051547,222.06790378006878,1,-1,-1,-1
56,38,146.47422680412208,1.6201603665521198,251.38144329896897,207.37429553264607,1,-1,-1,-1
56,34,1664.9249999999972,628.748148148148,186.30000000000086,223.04000000000008,1,-1,-1,-1
57,29,705.1051546391762,865.0410080183289,187.8618556701064,219.3447880870599,1,-1,-1,-1
57,30,1048.082474226808,786.6605574646832,170.2268041237212,266.84664375716,1,-1,-1,-1
57,31,1385.74020618557,809.2077892325321,207.66185567010595,242.36975945017375,1,-1,-1,-1
57,32,447.3402061855662,767.3328751431851,182.10309278350738,188.71129438717108,1,-1,-1,-1
57,33,164.28865979381473,796.6307751050036,223.67010309278518,223.33287514318442,1,-1,-1,-1
57,35,855.0927835051554,155.16151202749145,251.3814432989744,209.37457044673704,1,-1,-1,-1
57,36,1235.1340206185564,103.31638029782366,237.52577319588582,267.5694845360841,1,-1,-1,-1
57,39,1603.2989690721674,143.1972508591068,108.86597938144364,97.70813287514318,1,-1,-1,-1
57,37,449.3195876288642,20.03806032836967,294.9278350515471,276.63615120274966,1,-1,-1,-1
57,38,154.39175257731864,53.46529209621991,251.38144329896886,232.76096219931276,1,-1,-1,-1
57,34,1669.6499999999971,707.1496296296294,185.40000000000092,223.04000000000008,1,-1,-1,-1
58,29,707.8020618556731,939.4333715158409,197.76494845361339,147.55922107675232,1,-1,-1,-1
58,30,1042.1443298969102,856.9485147002672,187.15051546392988,230.04407789232707,1,-1,-1,-1
58,31,1389.34020618557,880.5156166475741,204.06185567010675,206.47697594502287,1,-1,-1,-1
58,32,455.2577319587605,837.1243986254303,182.10309278350732,186.89796105383743,1,-1,-1,-1
58,33,159.78556701030965,863.6597174494083,238.07010309278508,223.3328751431845,1,-1,-1,-1
58,35,857.9690721649471,224.95303550973685,272.9814432989755,225.69457044673692,1,-1,-1,-1
58,36,1233.1546391752574,179.09003436426121,237.52577319588582,260.3161512027507,1,-1,-1,-1
58,39,1611.2164948453678,214.98281786941757,108.86597938144388,93.72004581901336,1,-1,-1,-1
58,37,446.07835051546175,108.86646811760241,302.12783505154744,274.8228178694162,1,-1,-1,-1
58,38,146.47422680412305,129.2389461626576,251.3814432989692,249.08096219931258,1,-1,-1,-1
58,34,1674.374999999997,785.5511111111108,184.500000000001,223.04000000000008,1,-1,-1,-1
59,29,749.1958762886636,1008.6121420389491,98.96907216495825,75.7736540664489,1,-1,-1,-1
59,30,1057.9793814433033,927.4691103474594,178.1505154639287,159.52348224513534,1,-1,-1,-1
59,31,1392.9402061855724,943.4214585719716,200.46185567010713,143.57113402062515,1,-1,-1,-1
59,32,453.092783505154,914.7820084001531,196.1443298969074,172.2105841924416,1,-1,-1,-1
59,33,165.18556701030906,937.439327987782,239.870103092785,149.55326460481314,1,-1,-1,-1
59,35,865.5278350515476,310.696907216495,256.78144329897367,209.37457044673712,1,-1,-1,-1
59,36,1233.1546391752595,248.88155784650678,248.3257731958861,274.82281786941724,1,-1,-1,-1
59,39,1619.134020618564,283.5031386025219,100.948453608249,100.97337915234682,1,-1,-1,-1
59,37,459.21649484535885,182.46536846124505,294.9278350515471,274.8228178694163,1,-1,-1,-1
59,38,131.35670103092613,195.04238258877447,258.5814432989681,254.52096219931275,1,-1,-1,-1
59,34,1679.0999999999967,863.9525925925922,183.60000000000107,223.04000000000008,1,-1,-1,-1
60,35,869.938144329895,468.33227949599114,251.38144329897446,207.56123711340453,1,-1,-1,-1
60,36,1244.0412371134025,407.0590607101953,237.525773195886,263.9428178694175,1,-1,-1,-1
60,39,1627.5896907216547,427.4481557846527,100.9484536082495,119.46813287514182,1,-1,-1,-1
60,37,466.1443298969011,323.96145093547193,294.92783505154705,291.14281786941666,1,-1,-1,-1
60,38,154.39175257731404,334.90584192439894,295.0268041237136,264.76536082474377,1,-1,-1,-1
61,35,868.9484536082479,528.0476517754873,251.3814432989744,220.25457044673675,1,-1,-1,-1
61,36,1254.9278350515463,478.1965635738832,237.52577319588582,251.2494845360841,1,-1,-1,-1
61,39,1646.8453608247507,506.1131729667832,100.94845360824998,101.69621993127045,1,-1,-1,-1
61,37,465.872164948453,403.8042000763656,302.1278350515477,283.889484536083,1,-1,-1,-1
61,38,141.42680412371112,420.36930126002335,309.87216494845245,245.99642611684092,1,-1,-1,-1
61,40,0.9999999999986356,0.16201603665520417,239.50515463917523,172.94588774341352,1,-1,-1,-1
61,41,356.28865979381453,1.0074074074074146,112.82474226804118,41.87491408934707,1,-1,-1,-1
61,42,524.5360824742272,1.0074074074074255,255.34020618556798,69.79152348224513,1,-1,-1,-1
62,35,876.5010309278355,637.7200458190155,243.82886597939003,190.52462772050708,1,-1,-1,-1
62,36,1254.927835051547,544.0000000000009,248.32577319588646,280.2628178694172,1,-1,-1,-1
62,39,1646.84536082475,576.8082474226826,91.94845360825164,119.8295532646039,1,-1,-1,-1
62,37,471.0927835051516,486.6442458953804,294.92783505154705,283.88948453608316,1,-1,-1,-1
62,38,145.02680412370955,480.3650859106529,318.87216494845217,262.3164261168411,1,-1,-1,-1
62,40,0.9999999999969296,72.49594501718212,227.62886597938157,174.030148911799,1,-1,-1,-1
62,41,325.33608247422643,1.0074074074074395,158.53608247422682,109.67239404352827,1,-1,-1,-1
62,42,527.2329896907214,1.0074074074074406,262.54020618556785,144.8423367697594,1,-1,-1,-1
63,35,875.7835051546386,717.4817869415813,243.82886597938867,201.4046277205076,1,-1,-1,-1
63,36,1262.8453608247405,617.7796105383751,237.52577319588585,285.70281786941644,1,-1,-1,-1
63,39,1646.8453608247544,647.6902634593384,151.3484536082477,125.2695532646033,1,-1,-1,-1
63,37,467.1340206185548,567.3157693776263,305.7278350515478,283.52183276059577,1,-1,-1,-1
63,38,164.28865979381456,571.9166093928981,281.0721649484537,233.30309278350737,1,-1,-1,-1
63,40,1.0,155.1615120274914,227.62886597938157,159.52348224513213,1,-1,-1,-1
63,41,308.78350515463944,12.971668575792322,170.22680412371486,171.48774341351717,1,-1,-1,-1
63,42,530.4742268041275,8.983581519663952,255.34020618556988,205.38648339060802,1,-1,-1,-1
64,35,872.0041237113392,793.2554410080198,252.8288659793891,203.21796105384013,1,-1,-1,-1
64,36,1253.3072164948467,682.6732646048115,255.52577319588582,291.142817869417,1,-1,-1,-1
64,39,1646.8453608247507,724.0060481099688,151.3484536082497,127.08288659793665,1,-1,-1,-1
64,37,469.11340206185434,635.1132493318079,303.92783505154887,285.3351660939288,1,-1,-1,-1
64,38,153.48865979381117,630.647422680413,309.8721649484539,258.6897594501741,1,-1,-1,-1
64,40,1.5381443298914368,237.465658648339,233.02886597938138,155.89681557846558,1,-1,-1,-1
64,41,316.70103092783535,78.7751050019092,170.22680412371486,171.4877434135172,1,-1,-1,-1
64,42,530.4742268041275,86.75127911416568,255.34020618556988,205.38648339060802,1,-1,-1,-1
65,35,888.2907216494801,825.8217029400528,243.82886597939032,261.24462772050776,1,-1,-1,-1
65,36,1268.7835051546406,816.138129056891,244.10103092784522,270.4795418098539,1,-1,-1,-1
65,39,1637.7525773196012,869.1287972508627,180.14845360825208,134.33621993127034,1,-1,-1,-1
65,37,479.99999999999676,792.2708820160367,299.61030927835253,280.3562886597954,1,-1,-1,-1
65,38,154.11340206184897,737.7285987017948,319.3237113402062,302.11628865979617,1,-1,-1,-1
65,40,0.9999999999950525,350.8581901489127,238.42886597938352,197.96490263459324,1,-1,-1,-1
65,41,316.24948453608175,182.4653684612452,175.62680412371444,211.3810767468503,1,-1,-1,-1
65,42,535.4226804123709,202.77345551737324,253.5402061855711,230.773150057275,1,-1,-1,-1
66,35,904.5773195876303,905.5346315387524,227.62886597938908,181.45796105384045,1,-1,-1,-1
66,36,1280.6597938144355,891.576326842304,223.67628865980453,195.4162657502906,1,-1,-1,-1
66,39,1643.0597938144401,939.9048797250896,167.54845360825237,136.14955326460355,1,-1,-1,-1
66,37,476.4865979381448,860.575181366932,300.6927835051555,226.4174112256615,1,-1,-1,-1
66,38,174.5381443298959,835.7431080565067,299.9752577319611,251.24948453608604,1,-1,-1,-1
66,40,0.9999999999971664,424.35738831615254,242.02886597938192,205.57965635738765,1,-1,-1,-1
66,41,317.5979381443293,246.26229858724733,179.22680412371372,218.63441008018427,1,-1,-1,-1
66,42,540.3711340206195,277.08896525391384,255.34020618556974,236.2131500572743,1,-1,-1,-1
67,35,956.0412371134037,963.3618938526124,176.16494845361836,123.63069873998231,1,-1,-1,-1
67,36,1275.2597938144343,949.403589156162,201.54432989691958,137.58900343643074,1,-1,-1,-1
67,39,1643.7711340206274,1012.3031996945426,161.07216494845866,74.68939289805351,1,-1,-1,-1
67,37,490.88659793814514,935.4452844597176,289.8927835051575,151.54730813287986,1,-1,-1,-1
67,38,155.63505154639043,903.172936235195,318.8783505154635,183.81965635739746,1,-1,-1,-1
67,40,0.999999999998712,486.35344788087167,251.0288659793829,174.7529896907213,1,-1,-1,-1
67,41,322.6391752577311,319.4873157693778,170.2268041237149,215.92375715922378,1,-1,-1,-1
67,42,538.3917525773242,358.4833295150827,255.34020618557042,239.47216494845375,1,-1,-1,-1
68,35,956.041237113405,1031.1593738067936,176.16494845361848,55.833218785803425,1,-1,-1,-1
68,36,1279.2185567010395,1022.4541275295834,146.47422680413302,64.53846506300934,1,-1,-1,-1
68,37,658.9546391752584,997.2606338296973,125.42474226804914,89.73195876289527,1,-1,-1,-1
68,38,249.21030927835056,981.308285605193,219.9030927835056,105.68430698741078,1,-1,-1,-1
68,40,0.9999999999975161,554.3316380297834,252.82886597938304,174.75298969072162,1,-1,-1,-1
68,41,324.6185567010295,391.0921725849567,170.2268041237149,224.99042382589062,1,-1,-1,-1
68,42,538.3917525773227,435.7088965253922,258.9402061855719,221.33883161512048,1,-1,-1,-1
69,40,2.6144329896878973,625.7557846506309,251.02886597938317,201.95298969072164,1,-1,-1,-1
69,41,330.55670103092854,463.42610156548346,170.2268041237153,219.54419243986754,1,-1,-1,-1
69,42,542.3505154639226,511.4825505918297,255.3402061855701,221.33883161512048,1,-1,-1,-1
70,40,1.2659793814404114,751.6609392898063,252.82886597938221,162.05965635738832,1,-1,-1,-1
70,41,326.5979381443301,609.0037418862174,170.2268041237154,219.54419243986644,1,-1,-1,-1
70,42,535.15051546392,662.861611302025,262.54020618557047,224.9654982817882,1,-1,-1,-1
70,43,0.9999999999993993,1.007407407407407,81.69896907216662,175.30135166093916,1,-1,-1,-1
70,44,176.1711340206116,1.0074074074074084,256.59587628865563,96.05681557846512,1,-1,-1,-1
70,45,747.1237113402021,1.0074074074074073,295.6577319587612,190.8735853379155,1,-1,-1,-1
70,46,1116.0123711340193,1.007407407407407,193.28041237113663,131.6006414662086,1,-1,-1,-1
71,40,8.917525773195894,823.1660939289812,227.62886597938157,167.49965635738826,1,-1,-1,-1
71,41,322.6391752577335,732.82138220695,170.22680412371517,161.51752577320076,1,-1,-1,-1
71,42,542.3505154639228,730.8273386788859,255.3402061855701,221.33883161512048,1,-1,-1,-1
71,43,0.999999999997566,64.70048109965654,76.29896907216617,175.30135166093916,1,-1,-1,-1
71,44,138.37113402061735,1.0074074074074084,296.1958762886568,170.40348224513176,1,-1,-1,-1
71,45,741.7237113402057,1.007407407407407,279.45773195876274,228.9535853379154,1,-1,-1,-1
71,46,1112.4123711340203,0.16824742268039888,193.28041237113624,196.88064146620863,1,-1,-1,-1
72,40,1.7175257731912745,884.9814432989705,249.2288659793829,185.6329896907215,1,-1,-1,-1
72,41,324.61855670103273,758.7439480717845,170.22680412371537,209.37457044674278,1,-1,-1,-1
72,42,540.3711340206238,806.6009927453238,255.3402061855701,221.33883161512048,1,-1,-1,-1
72,43,1.0000000000000036,143.19725085910653,67.29896907216494,153.54135166093928,1,-1,-1,-1
72,44,140.35051546391776,3.001450935471551,287.1958762886582,243.64096219931298,1,-1,-1,-1
72,45,760.0824742268036,55.459335624284165,263.25773195876303,282.6245131729672,1,-1,-1,-1
72,46,1114.3917525773204,71.41168384879738,189.68041237113533,187.8139747995418,1,-1,-1,-1
73,40,12.498969072161533,950.6685605192832,254.64742268041493,136.32403207331183,1,-1,-1,-1
73,41,324.6185567010303,824.5473844979034,208.0268041237183,227.50790378007616,1,-1,-1,-1
73,42,540.3711340206239,877.6180221458568,255.3402061855701,209.37457044673636,1,-1,-1,-1
73,43,1.0,214.98281786941584,67.29896907216494,153.54135166093928,1,-1,-1,-1
73,44,142.3298969072133,60.09964108438349,287.1958762886582,271.92522336769787,1,-1,-1,-1
73,45,758.103092783506,131.2329896907217,263.25773195876286,237.291179839634,1,-1,-1,-1
73,46,1106.4742268041227,147.1853379152347,205.8804123711376,178.74730813287536,1,-1,-1,-1
74,40,106.6247422680414,1025.1772432226046,129.92164948453694,61.81534936999064,1,-1,-1,-1
74,41,340.45360824742426,899.5525009545554,170.22680412371537,187.4400916380386,1,-1,-1,-1
74,42,556.2061855670158,943.4214585719737,239.50515463917912,143.5711340206225,1,-1,-1,-1
74,43,1.0,278.79221076746853,67.29896907216494,153.54135166093928,1,-1,-1,-1
74,44,142.68865979381505,140.04209240168018,290.7958762886591,268.29855670103103,1,-1,-1,-1
74,45,766.0206185567017,201.02451317296712,263.2577319587629,262.6778465063005,1,-1,-1,-1
74,46,1118.3505154639342,216.9768613974825,190.02061855668683,181.46419243986026,1,-1,-1,-1
75,43,1.0000000000000018,385.47353951890034,67.29896907216494,153.54135166093928,1,-1,-1,-1
75,44,136.9298969072171,296.5869721267662,292.59587628866024,266.4852233676978,1,-1,-1,-1
75,45,756.1237113402076,357.4759221076752,263.2577319587629,266.3045131729669,1,-1,-1,-1
75,46,1115.3814432989868,362.4610309278378,190.02061855668683,188.2626345933538,1,-1,-1,-1
76,43,0.9999999999998863,470.3948682703325,74.49896907216514,180.74135166093905,1,-1,-1,-1
76,44,125.77113402061906,376.97185185185225,299.7958762886602,250.16522336769808,1,-1,-1,-1
76,45,746.2268041237121,452.2739977090496,263.2577319587629,246.3578465063008,1,-1,-1,-1
76,46,1112.4123711340378,446.2918671248597,190.02061855668683,171.48774341351398,1,-1,-1,-1
76,47,441.4020618556702,1.6201603665521191,205.8556701030928,123.63069873997708,1,-1,-1,-1
76,48,1373.690721649484,1.0074074074074253,186.0618556701029,71.41168384879724,1,-1,-1,-1
77,43,1.000000000000275,547.4397250859104,83.49896907216484,168.04801832760617,1,-1,-1,-1
77,44,140.17113402061946,450.57075219549546,285.39587628866013,259.231890034364,1,-1,-1,-1
77,45,722.647422680413,511.5469415807563,284.8577319587639,260.8645131729678,1,-1,-1,-1
77,46,1108.45360824744,522.0655211912975,190.02061855668683,171.48774341351398,1,-1,-1,-1
77,47,435.4639175257736,21.560595647193722,205.85567010309282,181.45796105383755,1,-1,-1,-1
77,48,1369.7319587628924,3.001450935471648,251.381443298966,149.17938144329932,1,-1,-1,-1
77,49,1.4350515463918798,1.620160366552126,186.60618556701064,134.51069873997707,1,-1,-1,-1
77,50,1041.1546391752577,1.0074074074074062,237.52577319587613,105.68430698739981,1,-1,-1,-1
78,43,1.0,625.75578465063,67.29896907216494,153.54135166093928,1,-1,-1,-1
78,44,150.43298969072222,535.4110729285989,269.19587628865975,239.2852233676978,1,-1,-1,-1
78,45,756.1237113402075,593.8510882016037,263.25773195876286,237.291179839634,1,-1,-1,-1
78,46,1104.4948453608424,595.845131729671,190.02061855668683,171.48774341351398,1,-1,-1,-1
78,47,439.42268041237156,93.346162657503,205.85567010309282,181.45796105383755,1,-1,-1,-1
78,48,1369.7319587628929,3.001450935471687,245.443298969069,212.988774341352,1,-1,-1,-1
78,49,21.773195876288753,17.572508591065322,172.2061855670104,197.41030927835118,1,-1,-1,-1
78,50,1058.9690721649486,1.0074074074074084,237.52577319587613,193.42222222222227,1,-1,-1,-1
79,43,1.0000000000000602,687.2034822451318,67.29896907216492,169.86135166093956,1,-1,-1,-1
79,44,152.41237113402144,613.1787705231009,269.1958762886598,257.4185567010311,1,-1,-1,-1
79,45,730.3855670103106,675.6068728522346,283.05773195876304,246.35784650630012,1,-1,-1,-1
79,46,1104.4948453608429,665.0882932416988,190.02061855668683,185.9944100801807,1,-1,-1,-1
79,47,435.4639175257736,165.1317296678123,205.85567010309282,181.45796105383755,1,-1,-1,-1
79,48,1377.6494845360885,42.882321496754685,241.48453608247283,234.92325315005797,1,-1,-1,-1
79,49,29.690721649484654,83.37594501718215,172.2061855670104,197.4103092783512,1,-1,-1,-1
79,50,1014.3340206185563,0.8142344406261837,298.0020618556794,279.37172966781355,1,-1,-1,-1
79,51,686.3010309278354,107.30446735395206,278.0226804123706,233.30309278350518,1,-1,-1,-1
80,43,1.0000000000001155,810.2048109965641,67.29896907216494,197.06135166093867,1,-1,-1,-1
80,44,132.16082474226891,761.1762657502878,291.6989690721648,262.9520274914081,1,-1,-1,-1
80,45,742.6268041237129,829.8284841542572,274.0577319587634,257.15683848797414,1,-1,-1,-1
80,46,1087.1257731958947,818.6421076746885,204.42061855668715,171.48774341351398,1,-1,-1,-1
80,47,427.54639175257756,306.9892325315007,205.85567010309282,181.45796105383755,1,-1,-1,-1
80,48,1352.0907216494938,204.86720122184104,279.28453608247327,223.95601374570478,1,-1,-1,-1
80,49,30.22886597938163,211.36238258877444,166.26804123711344,198.40733104238373,1,-1,-1,-1
80,50,1036.7443298969079,130.620236731577,253.3608247422756,313.8126002290974,1,-1,-1,-1
80,51,674.5113402061854,217.52522336769763,247.42268041237122,233.30309278350515,1,-1,-1,-1
81,43,1.0,916.8861397479956,67.29896907216494,153.54135166093928,1,-1,-1,-1
81,44,162.3092783505161,865.6537609774726,249.40206185567,221.3388316151212,1,-1,-1,-1
81,45,742.2680412371154,911.5167621229472,263.257731958763,175.47583046964797,1,-1,-1,-1
81,46,1098.5567010309462,906.9159221076782,190.02061855668683,171.48774341351398,1,-1,-1,-1
81,47,419.6288659793818,394.4467353951892,205.85567010309282,181.45796105383755,1,-1,-1,-1
81,48,1369.7319587628926,276.18541428026015,241.48453608247283,212.98877434135227,1,-1,-1,-1
81,49,27.167010309278538,306.70882016036694,174.7298969072171,199.40435280641643,1,-1,-1,-1
81,50,1041.1546391752588,222.3462390225277,257.31958762887365,281.16013745704794,1,-1,-1,-1
81,51,677.1216494845361,298.73264604811004,269.02268041237204,233.30309278350518,1,-1,-1,-1
81,52,1731.958762886598,332.6313860252004,178.14432989690704,189.43413516609394,1,-1,-1,-1
82,43,1.000000000000001,995.2665903016417,67.29896907216494,91.72600229095264,1,-1,-1,-1
82,44,162.30927835051645,949.4035891561667,249.40206185567044,137.5890034364293,1,-1,-1,-1
82,45,785.8144329896926,987.2904161893854,219.71134020618658,99.70217640321137,1,-1,-1,-1
82,46,1098.5567010309458,977.3201985490668,190.02061855668683,109.6723940435274,1,-1,-1,-1
82,47,417.10515463917517,460.25017182130694,220.25567010309294,197.77796105383692,1,-1,-1,-1
82,48,1367.752577319594,353.9531118747618,241.48453608247294,222.05544100801896,1,-1,-1,-1
82,49,17.814432989690946,368.52416953035544,182.10309278350553,199.40435280641628,1,-1,-1,-1
82,50,1012.8989690721663,298.1198930889654,271.7195876288746,257.231615120278,1,-1,-1,-1
82,51,672.0804123711341,386.4705612829328,278.0226804123725,233.30309278350518,1,-1,-1,-1
82,52,1731.9587628865995,405.32050400916404,178.14432989690712,258.34080183276046,1,-1,-1,-1
83,47,409.7319587628865,536.0238258877445,231.58762886598043,210.4712943871704,1,-1,-1,-1
83,48,1361.8144329896986,450.75146239022587,246.88453608247212,201.0307445589934,1,-1,-1,-1
83,49,4.490721649484787,448.28591065292176,207.30309278350578,201.2176861397496,1,-1,-1,-1
83,50,1012.8989690721671,376.06830087819856,295.1195876288735,266.2982817869447,1,-1,-1,-1
83,51,670.2865979381444,458.2561282932422,290.6226804123713,296.76975945017165,1,-1,-1,-1
83,52,1735.9175257731972,482.1846506300124,178.1443298969071,260.1541351660933,1,-1,-1,-1
83,53,1659.8680412371154,2.820740740740745,259.13195876288734,172.38506300114548,1,-1,-1,-1
84,47,422.6845360824752,621.7676975945028,212.69690721649621,188.7112943871707,1,-1,-1,-1
84,48,1369.731958762894,535.4110729285993,241.48453608247294,199.2174112256603,1,-1,-1,-1
84,49,1.000000000000007,526.053608247423,182.10309278350553,199.40435280641628,1,-1,-1,-1
84,50,1009.4783505154646,463.62550591829023,277.11958762887446,257.23161512027804,1,-1,-1,-1
84,51,669.0247422680425,547.9880870561326,267.2226804123716,297.1498739977052,1,-1,-1,-1
84,52,1729.9793814433006,571.9166093928984,185.3443298969072,254.71413516609363,1,-1,-1,-1
84,53,1662.6804123711386,82.7631920580376,257.1463917525807,173.10790378006973,1,-1,-1,-1
84,54,1304.4123711340214,1.0074074074074166,187.8680412371141,93.72004581901496,1,-1,-1,-1
84,55,23.752577319587825,1.0074074074074006,253.36082474226816,143.75807560137463,1,-1,-1,-1
84,56,335.77731958762973,1.007407407407407,276.76082474226826,104.73090492554411,1,-1,-1,-1
84,57,1043.134020618559,1.0074074074074546,126.68041237113451,61.815349369988525,1,-1,-1,-1
85,47,409.81855670103306,764.0800916380315,220.6144329896912,206.11555555555702,1,-1,-1,-1
85,48,1369.7319587628942,665.8464452080959,241.48453608247294,229.04082474227002,1,-1,-1,-1
85,49,0.9999999999999752,676.9777777777783,182.10309278350553,199.40435280641628,1,-1,-1,-1
85,50,1001.4680412371157,616.7244291714411,294.1298969072242,305.8239633447912,1,-1,-1,-1
85,51,661.9175257731966,719.943184421538,247.42268041237116,293.523207331041,1,-1,-1,-1
85,52,1740.8556701030925,721.5695761741131,178.1443298969071,263.7808018327596,1,-1,-1,-1
85,53,1670.8536082474216,147.6568461244755,248.1463917525816,263.1265063001165,1,-1,-1,-1
85,54,1273.5463917525808,1.0074074074074069,262.02061855670274,267.594410080184,1,-1,-1,-1
85,55,1.521649484535865,27.465872470408527,294.3958762886604,269.6694616265757,1,-1,-1,-1
85,56,314.17731958762994,0.49124093165333976,290.26082474226814,238.01090492554422,1,-1,-1,-1
85,57,1001.7402061855721,1.0074074074074102,203.98144329897153,178.39211912943932,1,-1,-1,-1
86,47,407.7525773195901,841.1124856815588,217.731958762886,205.3864833906092,1,-1,-1,-1
86,48,1369.7319587628929,743.6951508209248,241.48453608247283,228.0375715922135,1,-1,-1,-1
86,49,1.0,755.3686139747999,182.10309278350553,199.40435280641628,1,-1,-1,-1
86,50,1002.4577319587637,700.9166857579239,284.14020618557703,289.13631156930546,1,-1,-1,-1
86,51,671.0103092783512,801.2316151202779,247.42268041237122,177.4698739977066,1,-1,-1,-1
86,52,1722.0618556701052,813.19587628866,190.7443298969062,251.08746849942716,1,-1,-1,-1
86,53,1664.6597938144366,234.3105001909127,251.74639175258244,258.8517754868298,1,-1,-1,-1
86,54,1269.6804123711358,61.5515540282553,244.37319587629796,256.50877434135316,1,-1,-1,-1
86,55,1.0000000000002998,86.56433753340966,317.4309278350517,304.9141809851102,1,-1,-1,-1
86,56,292.57731958762906,36.241741122565934,303.76082474226814,284.2509049255441,1,-1,-1,-1
86,57,999.9463917525807,73.15439480717855,198.4824742268118,202.48888888889007,1,-1,-1,-1
87,47,405.2287897594688,915.6793279877809,232.13203498280578,171.31326460481608,1,-1,-1,-1
87,48,1369.7319587628967,828.5354715540304,248.6845741924314,229.85090492554562,1,-1,-1,-1
87,49,2.4349753264822716,827.1541809851096,286.50364537789096,199.4043528064164,1,-1,-1,-1
87,50,999.9400823282115,780.6784268804919,293.1404062628548,296.38964490263874,1,-1,-1,-1
87,51,661.8308897250994,865.763848797257,288.2784934278062,218.62194730812857,1,-1,-1,-1
87,52,1692.255412860882,881.2384574264988,226.74458713913074,205.75413516609578,1,-1,-1,-1
87,53,1651.0534367526077,303.74060328369615,267.94656324740345,282.42510882016296,1,-1,-1,-1
87,54,1269.494702448485,144.57854142802648,251.57339595357996,267.38877434135316,1,-1,-1,-1
87,55,1.0000000000094538,187.35700649102782,320.48671226801616,271.1961512027502,1,-1,-1,-1
87,56,293.29461670108566,118.72036655211913,296.56105340201617,267.9309049255444,1,-1,-1,-1
87,57,998.5051070017325,156.54280259641104,187.6824932817927,193.42222222222344,1,-1,-1,-1
88,47,431.50515463917833,989.2844597174484,190.0206185567007,97.70813287514903,1,-1,-1,-1
88,48,1359.6493892612,902.2756166475733,252.47025553260988,184.71697594502282,1,-1,-1,-1
88,49,1.0000000000057125,908.2515158457408,243.303416718143,178.7410767468547,1,-1,-1,-1
88,50,998.6844789175423,867.647804505533,289.54038720787656,219.3447880870629,1,-1,-1,-1
88,51,676.2309659450112,942.3309660175673,261.27835051546685,144.66162657502656,1,-1,-1,-1
88,52,1712.0555176632636,957.0121114929341,206.94448233674143,129.98048109966015,1,-1,-1,-1
88,53,1650.9772052577623,385.8578083237879,266.1465537199123,278.798442153496,1,-1,-1,-1
88,54,1271.1216304295651,222.5207178312343,252.2845932474208,270.6664833906086,1,-1,-1,-1
88,55,1.0000000000029412,269.4742115311192,307.8866455755925,273.009484536084,1,-1,-1,-1
88,56,290.59774759454854,199.5726002290952,307.3611105669519,264.3042382588775,1,-1,-1,-1
88,57,997.6082474226886,229.4126307751051,184.08247422681222,206.11555555555685,1,-1,-1,-1
89,48,1377.6494845360937,983.6762122947663,223.67010309277828,103.31638029783124,1,-1,-1,-1
89,49,28.71134020618715,991.2785032455118,78.09902623710057,95.71408934708519,1,-1,-1,-1
89,50,1009.4845360824785,943.42145857197,271.5402919329784,143.57113402062788,1,-1,-1,-1
89,53,1649.5359395618905,471.6016800305468,262.54653466493056,269.7317754868299,1,-1,-1,-1
89,54,1266.439089510331,306.09606720122235,257.6846218298918,259.9547308132897,1,-1,-1,-1
89,55,1.0000000000048126,349.2359526536852,309.6866551030812,273.00948453608424,1,-1,-1,-1
89,56,287.17710045537456,274.2619931271477,307.3611105669559,257.05090492554405,1,-1,-1,-1
89,57,993.6494845360853,318.0603283696068,184.08247422681217,193.42222222222344,1,-1,-1,-1
89,58,1221.2783505154637,1.0074074074074146,100.94845360824729,57.82726231386025,1,-1,-1,-1
90,53,1682.474226804134,634.1286903398259,235.91142595359474,273.8133333333376,1,-1,-1,-1
90,54,1263.290645429572,456.56534555173874,254.08460277491108,269.0213974799563,1,-1,-1,-1
90,55,1.0000000000053442,495.44919434898935,298.88659793814537,290.4137457044687,1,-1,-1,-1
90,56,281.2389561254831,435.1563802978248,300.1610724569912,251.61090492554345,1,-1,-1,-1
90,57,986.2700745103231,465.3578312332957,189.4825028092792,215.182222222223,1,-1,-1,-1
90,58,1203.8226613574038,1.007407407407407,205.06422240543012,194.71211912943969,1,-1,-1,-1
90,59,573.3031308934733,17.327407407407406,198.65563199313473,159.87243986254316,1,-1,-1,-1
90,60,1412.0227471048318,1.6201603665521198,297.64357526625315,82.64687285223371,1,-1,-1,-1
90,61,1794.6514225343988,1.007407407407412,124.34857746563401,199.02423825887757,1,-1,-1,-1
91,53,1683.0123425515694,716.8690339824383,236.27646015460573,268.8282245131772,1,-1,-1,-1
91,54,1261.9422108763079,532.6879572355862,252.28459324742158,270.83473081329026,1,-1,-1,-1
91,55,1.0000000000038654,567.315769377626,298.8865979381453,296.9380068728542,1,-1,-1,-1
91,56,282.50084990553563,518.077434135166,287.56100576457095,255.23757159221086,1,-1,-1,-1
91,57,989.690721649501,547.3753340969846,187.68249328179093,178.91555555555578,1,-1,-1,-1
91,58,1193.5670103092884,45.59297441771689,193.97938144329675,224.6103092783526,1,-1,-1,-1
91,59,566.1030927835086,29.530538373424957,205.85567010309308,223.3391065292097,1,-1,-1,-1
91,62,132.61226633163653,1.0074074074074082,152.5980334192269,127.61878579610534,1,-1,-1,-1
91,60,1394.022651829911,1.6201603665521198,315.6436705411527,164.24687285223362,1,-1,-1,-1
91,61,1810.8515082818114,9.59010309278353,108.14849171820948,284.25090492554403,1,-1,-1,-1
92,53,1679.4123234965857,790.6486445208106,230.87643157213833,268.8282245131778,1,-1,-1,-1
92,54,1257.4453322422821,608.2809011072943,264.884659939844,274.4613974799564,1,-1,-1,-1
92,55,1.0000000000025049,643.0894234440642,298.8865979381452,296.9380068728538,1,-1,-1,-1
92,56,316.70103092783535,597.839175257732,253.36082474226805,255.23757159221074,1,-1,-1,-1
92,57,983.7525773195907,619.1609011072935,184.08247422681217,179.46391752577395,1,-1,-1,-1
92,58,1196.9813670790675,88.72039709812964,178.6950263831174,247.28632302405683,1,-1,-1,-1
92,59,564.6618270876361,179.26451317296696,196.8556224656464,158.80687285223493,1,-1,-1,-1
92,62,83.3008117955829,1.7302481863306864,288.8543513916024,206.6576861397486,1,-1,-1,-1
92,60,1384.2988261598316,18.108407789232732,319.2436895961419,224.07441008018313,1,-1,-1,-1
92,61,1805.4514796993353,100.05736540664368,113.54852030067646,247.9780068728527,1,-1,-1,-1
93,53,1674.5567010309414,875.991630393275,230.87643157213498,211.00096219932064,1,-1,-1,-1
93,54,1255.2865788831687,688.952424589539,245.0845551374622,269.0213974799564,1,-1,-1,-1
93,55,1.0000000000029567,706.5311645666309,298.8865979381452,311.44467353952047,1,-1,-1,-1
93,56,280.162724630622,677.6009163803,292.24983705319147,255.23757159221134,1,-1,-1,-1
93,57,983.7525773195907,694.9345551737314,184.08247422681217,179.46391752577395,1,-1,-1,-1
93,58,1193.5607199398994,238.4792974417724,205.69516929545944,180.19298969072355,1,-1,-1,-1
93,59,564.1237113402071,268.8219931271479,205.8556701030929,142.66758304696657,1,-1,-1,-1
93,62,81.68017418390328,45.77368461244774,289.93687325585284,246.3640778923266,1,-1,-1,-1
93,60,1394.381395661532,98.42474226804167,310.0579796734842,226.59812142038928,1,-1,-1,-1
93,61,1818.0515463917525,159.14959908361973,100.94845360824729,275.1780068728525,1,-1,-1,-1
94,53,1699.7568344157949,957.0245742649854,166.44741315292626,129.96801832761665,1,-1,-1,-1
94,54,1250.245294132323,764.9067888507079,266.6846694673331,272.6480641466237,1,-1,-1,-1
94,55,1.0000000000015965,786.6605574646825,298.8865979381453,293.3113402061875,1,-1,-1,-1
94,56,273.500802268093,744.6693241695316,285.04979894323344,267.93090492554506,1,-1,-1,-1
94,57,973.8556701031122,753.6653684612457,194.88253139174597,235.67725085910809,1,-1,-1,-1
94,58,1190.684478917552,312.8010385643384,206.59202887451278,192.70561282932607,1,-1,-1,-1
94,59,564.1237113402144,268.42941580756127,205.85567010309302,213.75523482245396,1,-1,-1,-1
94,62,80.96897689005978,148.5666284841546,310.7817577061212,231.85741122565975,1,-1,-1,-1
94,60,1398.340158548128,180.16806414662165,301.94850124569734,221.17058419244032,1,-1,-1,-1
94,61,1801.8514606443528,254.8636884306994,117.14853935565456,238.5623825887737,1,-1,-1,-1
95,54,1265.628770704495,924.478045055362,244.64556090202956,162.51454753723152,1,-1,-1,-1
95,55,50.48453608247423,927.4691103474564,243.46391752577463,159.52348224513727,1,-1,-1,-1
95,56,267.74202985400404,907.528675066817,288.649817998215,179.4639175257759,1,-1,-1,-1
95,57,977.3628580154797,890.8472546773561,191.01659964775118,196.1453379152402,1,-1,-1,-1
95,58,1186.3669721993383,399.971897670868,181.39189548965675,254.35894616265958,1,-1,-1,-1
95,59,559.1752577319587,435.32462772050513,185.0721649484534,189.434135166097,1,-1,-1,-1
95,62,80.16494845360886,313.0752195494473,287.0103092783512,229.31500572737744,1,-1,-1,-1
95,60,1378.6328848883493,300.80769759450305,314.5485679381267,263.3259106529218,1,-1,-1,-1
95,61,1797.1752100945112,410.8664375715934,121.82478990549383,187.78904925544103,1,-1,-1,-1
96,54,1290.371038745731,992.904894998091,190.20628084191972,94.08769759450759,1,-1,-1,-1
96,55,111.84536082474229,1003.2427644138968,188.04123711340404,83.74982817870114,1,-1,-1,-1
96,56,308.05972712200816,983.3023291332562,238.24955122851046,103.69026345934034,1,-1,-1,-1
96,57,974.7525296821461,963.3618938526135,181.75063932129117,123.63069873997974,1,-1,-1,-1
96,58,1185.6494845360958,476.28768232149775,179.59188596217098,252.5456128293279,1,-1,-1,-1
96,59,562.1443298969059,517.6910882016047,164.28865979381396,193.80856815578773,1,-1,-1,-1
96,62,65.31329725947721,392.7434898816361,323.37553402915273,243.4602520045826,1,-1,-1,-1
96,60,1389.8845170275022,413.1159679266906,303.74851077318664,234.76123711340344,1,-1,-1,-1
96,61,1787.098930962206,487.08252004582005,131.90106903779866,207.73571592210666,1,-1,-1,-1
97,57,995.6288659793869,1033.1534173348596,146.474226804132,53.839175257736784,1,-1,-1,-1
97,58,1185.649484536092,637.1072928598712,163.39180021476264,165.50561282932648,1,-1,-1,-1
97,59,566.1030927835111,591.8258877434142,164.28865979381408,209.40572737686375,1,-1,-1,-1
97,62,68.54836742313596,446.3957235586116,319.7753870096272,285.16691867125024,1,-1,-1,-1
97,60,1391.5051546391853,453.1650859106535,300.1484917182073,276.46790378007074,1,-1,-1,-1
97,61,1794.2989690721627,569.922565864835,124.70103092783839,206.65768613974709,1,-1,-1,-1
97,63,625.4845360824767,49.47720504009165,178.1443298969054,87.73791523482281,1,-1,-1,-1
97,64,916.2929462992515,1.007407407407412,146.6348887522928,35.1450171821306,1,-1,-1,-1
97,65,1500.7298873310988,1.007407407407407,195.60000957612127,83.36971363115698,1,-1,-1,-1
97,66,1831.0040949829709,1.007407407407407,87.99590501703187,128.87752577319583,1,-1,-1,-1
97,67,0.9999999999998694,1.007407407407407,149.40002872837374,56.213333333333345,1,-1,-1,-1
98,58,1180.966976792855,716.8690339824378,181.3918243982428,165.50561282932648,1,-1,-1,-1
98,59,566.103092783506,657.0871935853385,164.28865979381408,203.96572737686427,1,-1,-1,-1
98,62,66.38960932460026,555.3515082092395,319.77538700962833,263.40691867124985,1,-1,-1,-1
98,60,1389.5257731958802,530.7458419243993,292.9484536082486,276.4679037800716,1,-1,-1,-1
98,61,1794.2989690721608,644.7864375715936,124.70103092783839,210.284352806414,1,-1,-1,-1
98,63,616.3051354869317,29.5367697594502,185.3443490491534,195.05484536082596,1,-1,-1,-1
98,64,855.0927835051547,1.0074074074074146,207.83505154639155,107.67835051546393,1,-1,-1,-1
98,65,1504.329896907222,1.0074074074074053,226.20009097316935,157.71638029782363,1,-1,-1,-1
98,66,1831.0040949829688,8.32513172966782,87.99590501703176,197.78419243986244,1,-1,-1,-1
98,67,1.0000000000010076,1.007407407407407,149.4000287283739,125.12,1,-1,-1,-1
99,58,1193.5670103092857,792.6426880488754,154.39175257731765,172.75894616265944,1,-1,-1,-1
99,59,556.2061855670078,738.138831615121,174.18556701031005,197.9649026345986,1,-1,-1,-1
99,62,62.251469782763955,610.4556548300897,319.7753870096272,286.98025200458346,1,-1,-1,-1
99,60,1383.5876288659838,659.654524627722,301.948477548558,233.30309278350546,1,-1,-1,-1
99,61,1794.2989690721615,715.4877434135178,124.70103092783839,199.4043528064138,1,-1,-1,-1
99,63,615.5876288659816,101.3223367697595,187.1443538372144,202.30817869415927,1,-1,-1,-1
99,64,855.6309134708654,1.0074074074074264,225.83509942701025,191.79583046964498,1,-1,-1,-1
99,65,1482.5567010309296,1.0074074074073667,242.0351425195725,227.32096219931384,1,-1,-1,-1
99,66,1829.2040901949092,75.57424971363113,89.79590980509455,212.2908591065292,1,-1,-1,-1
99,67,1.0000000000005538,1.007407407407407,149.400028728374,201.28000000000003,1,-1,-1,-1
99,68,550.5001197015445,1.0074074074074073,269.9999138148885,88.8533333333334,1,-1,-1,-1
99,69,1376.7001149134821,19.94666666666668,124.20001915224466,106.9866666666667,1,-1,-1,-1
100,58,1175.7525773196032,949.4035891561606,203.25782771999042,137.58900343643182,1,-1,-1,-1
100,59,549.1855430700026,879.686842306218,199.3856340431738,207.3057502863764,1,-1,-1,-1
100,62,59.913335028990694,762.3353035509748,321.5753917976887,288.79358533791657,1,-1,-1,-1
100,60,1377.290731225616,755.9304772814053,303.74848233661993,298.5830927835062,1,-1,-1,-1
100,61,1790.6989594960369,875.792226040474,128.30104050396068,211.20036655211933,1,-1,-1,-1
100,63,607.6701030927857,258.85177548682725,187.14435383721488,215.00151202749237,1,-1,-1,-1
100,64,846.092759564849,86.38362733867902,224.7526012598944,250.89429553264839,1,-1,-1,-1
100,65,1482.55670103093,154.54875906834667,235.54639175258654,227.32096219931384,1,-1,-1,-1
100,66,1825.969072164947,248.8815578465064,93.03092783505343,175.4758304696458,1,-1,-1,-1
100,70,98.23908907262096,54.91097365406647,194.7093645356274,174.03014891179853,1,-1,-1,-1
100,67,1.000000000000734,135.1940740740743,134.99999042388032,232.10666666666674,1,-1,-1,-1
100,68,505.50000000000006,136.0,302.39999999999986,119.68000000000005,1,-1,-1,-1
100,69,1375.080110604227,169.36533333333333,123.48001723702018,106.26133333333337,1,-1,-1,-1
101,58,1193.5670103092891,1029.1653302787306,108.86597938143764,57.827262313867315,1,-1,-1,-1
101,59,545.7649101491095,950.132661321113,188.58560531480728,109.65993127148235,1,-1,-1,-1
101,62,64.05147457082623,839.905673921343,317.97538222156555,247.08691867125088,1,-1,-1,-1
101,60,1367.3875857734286,837.3694998090872,309.1484967008061,249.62309278350648,1,-1,-1,-1
101,61,1783.498940343793,947.4095456281033,135.50105965621094,139.58304696449045,1,-1,-1,-1
101,63,611.6288659793804,309.4194730813297,178.1443298969056,233.13484536082538,1,-1,-1,-1
101,64,851.4927739290339,167.23586101565473,224.7526012598923,240.01429553264802,1,-1,-1,-1
101,65,1467.4391561054886,238.2985872470408,248.14642526901713,227.32096219931387,1,-1,-1,-1
101,66,1825.9690721649463,287.11734249713635,93.03092783505348,228.06249713631286,1,-1,-1,-1
101,70,92.83907470843629,115.8165406643758,264.90955127003906,197.6034822451319,1,-1,-1,-1
101,67,0.9999999999990934,269.3807407407408,120.59995211938639,172.2666666666671,1,-1,-1,-1
101,68,504.3499969409604,210.29629629629648,303.8000037240477,125.52296296296285,1,-1,-1,-1
101,69,1369.8600967188477,249.87733333333333,122.76001532179572,105.53600000000002,1,-1,-1,-1
102,59,560.1649484536102,1031.1593738067909,174.18556701031005,55.83321878580366,1,-1,-1,-1
102,62,62.25146978276482,923.4810232913317,299.9753343409474,163.511569301263,1,-1,-1,-1
102,60,1367.7525773195941,913.5108056510115,309.1484967008036,173.48178694158295,1,-1,-1,-1
102,61,1805.6308895305542,1015.7491561664764,113.36911046945075,71.24343642611981,1,-1,-1,-1
102,63,611.6288659793838,378.30121420389474,178.1443298969056,229.50817869415985,1,-1,-1,-1
102,64,848.0721410081491,243.00951508209246,224.75260125989345,240.01429553264828,1,-1,-1,-1
102,65,1474.6391752577342,322.048415425735,235.54639175258654,227.32096219931384,1,-1,-1,-1
102,66,1823.9896907216482,406.41099656357403,93.03092783505343,175.4758304696458,1,-1,-1,-1
102,70,93.55658132938228,186.330904925544,261.309541693913,206.67014891179932,1,-1,-1,-1
102,67,0.99999999999999,345.5407407407409,80.99984678202735,172.26666666666708,1,-1,-1,-1
102,68,503.1999938819207,284.59259259259295,305.2000074480957,131.36592592592564,1,-1,-1,-1
102,69,1368.9150942051153,329.6337777777779,122.04001340657126,104.81066666666668,1,-1,-1,-1
103,62,91.05154639175305,997.2606338297054,271.17525773195996,89.73195876289189,1,-1,-1,-1
103,60,1369.552582107659,989.6708056510096,244.34832433057858,97.32178694158468,1,-1,-1,-1
103,63,589.8494318674,450.2799541809863,199.74438735364814,248.9002520045839,1,-1,-1,-1
103,64,847.713387697673,324.2231691485301,221.1525916837707,238.20096219931486,1,-1,-1,-1
103,65,1467.6185327607263,399.8161130202377,249.22892343613088,211.36861397479987,1,-1,-1,-1
103,66,1825.9690721649472,481.64252004581925,93.03092783505343,175.4758304696458,1,-1,-1,-1
103,70,93.55658132938385,251.77915234822478,263.1095464819735,226.41741122565938,1,-1,-1,-1
103,71,1646.8453608247419,1.007407407407407,114.80412371134022,43.86895761741121,1,-1,-1,-1
103,67,1.0000000000009752,425.32740740740775,95.39988508652047,172.26666666666708,1,-1,-1,-1
103,68,502.04999082288106,358.88888888888937,306.60001117214347,137.20888888888842,1,-1,-1,-1
103,72,1481.100004788062,1.0074074074074075,163.79999999999993,59.84,1,-1,-1,-1
103,69,1367.970091691383,409.3902222222224,121.32001149134678,104.08533333333332,1,-1,-1,-1
104,63,589.6700552121691,518.61956471936,199.7443873536476,265.2202520045818,1,-1,-1,-1
104,64,845.7340062543759,407.7922871324933,231.95262041213977,227.32096219931472,1,-1,-1,-1
104,65,1467.4391561054897,473.047361588393,245.6289138600054,225.87528064146684,1,-1,-1,-1
104,66,1825.9690721649517,551.9761741122569,93.0309278350535,189.98249713631242,1,-1,-1,-1
104,70,94.45970284126004,320.48018327605973,228.9094555088031,240.9240778923264,1,-1,-1,-1
104,71,1613.1958762886616,1.0074074074073605,148.45360824742508,105.68430698739974,1,-1,-1,-1
104,73,894.6741741354458,1.0074074074074084,191.28249337905294,97.70813287514325,1,-1,-1,-1
104,74,421.60824742268045,1.007407407407411,55.42268041237111,79.76174112256587,1,-1,-1,-1
104,67,0.9999999999999538,509.64740740740797,98.54989346562876,166.82666666666708,1,-1,-1,-1
104,68,500.8999877638414,433.1851851851859,308.0000148961914,143.0518518518512,1,-1,-1,-1
104,72,1475.9618093021404,17.010989898990278,144.81813132589434,121.32527946127928,1,-1,-1,-1
104,75,1867.0999999999983,1.007407407407407,51.899999999999864,61.653333333333315,1,-1,-1,-1
104,69,1367.0250891776507,489.14666666666704,120.6000095761223,103.36,1,-1,-1,-1
105,63,601.7319587628901,657.6604810996575,178.14432989690556,269.1958762886629,1,-1,-1,-1
105,64,853.1134020618591,559.3395952653686,215.7525773195849,227.32096219931472,1,-1,-1,-1
105,65,1470.680412371137,635.113249331807,227.62886597939024,211.36861397479984,1,-1,-1,-1
105,66,1825.9690721649472,693.5532646048111,93.03092783505343,191.42817869415887,1,-1,-1,-1
105,70,120.74226804123722,492.15486827033266,178.14432989690752,231.3090492554425,1,-1,-1,-1
105,71,1617.154639175262,46.87040855288269,191.01030927835052,162.51454753722862,1,-1,-1,-1
105,73,897.6494845360829,10.977625047728406,206.8453608247464,240.28224513173038,1,-1,-1,-1
105,74,329.5670103092788,108.68575792287146,143.50515463917657,92.7230240549839,1,-1,-1,-1
105,76,579.9587628865979,1.0074074074074146,233.5670103092783,181.4579610538373,1,-1,-1,-1
105,77,1314.3092783505158,1.0074074074073887,176.1649484536083,51.4712485681558,1,-1,-1,-1
105,78,1.000000000000003,1.0074074074073829,162.30927835051548,231.30904925544104,1,-1,-1,-1
105,67,0.9999999999998043,631.1407407407416,101.69990184473701,158.9688888888895,1,-1,-1,-1
105,68,498.93998255017334,524.3757037037049,311.80002500432175,156.14814814814827,1,-1,-1,-1
105,72,1470.8236138162183,122.77457239057313,155.53634165480722,139.2905589225584,1,-1,-1,-1
105,75,1874.300019152245,86.75792592592592,44.69998084775344,79.42400000000009,1,-1,-1,-1
105,69,1346.8200354316596,604.384000000001,138.7800579355459,108.07466666666613,1,-1,-1,-1
106,63,599.9319539748292,724.3674684994289,190.74436341333697,289.14254295533016,1,-1,-1,-1
106,64,838.3546104468895,645.0834669721272,235.55262998826475,232.7609621993146,1,-1,-1,-1
106,65,1461.50101177559,713.7844978999628,242.02890428388594,220.43528064146733,1,-1,-1,-1
106,66,1813.3690386485155,759.3567010309292,105.63096135148744,224.0681786941577,1,-1,-1,-1
106,70,87.80405189041537,563.9404352806423,255.54453578356419,251.2557159221089,1,-1,-1,-1
106,71,1613.9133829096252,70.97340969835798,258.767077342138,250.17145475372453,1,-1,-1,-1
106,73,880.8247422680446,37.61056891943513,253.0083096674894,290.7876288659815,1,-1,-1,-1
106,74,246.525797136186,1.0074074074074075,231.58762886598166,317.0529209622004,1,-1,-1,-1
106,76,563.7587197940405,46.14133638793431,255.16706776602027,206.84462772050392,1,-1,-1,-1
106,77,1250.6040806187855,1.007407407407412,236.27013660921887,131.2329896907216,1,-1,-1,-1
106,78,0.9999999999997419,49.5872928598704,167.3567776399169,278.44948453608293,1,-1,-1,-1
106,67,0.9999999999996548,752.6340740740753,104.84991022384526,151.1111111111119,1,-1,-1,-1
106,68,496.9799773365053,615.5662222222237,315.6000351124522,169.24444444444535,1,-1,-1,-1
106,72,1465.6854183302962,228.53815488215596,166.25455198372012,157.25583838383753,1,-1,-1,-1
106,75,1881.5000383044921,172.50844444444445,37.49996169550702,97.19466666666685,1,-1,-1,-1
106,69,1326.6149816856682,719.6213333333351,156.96010629496948,112.78933333333225,1,-1,-1,-1
107,63,594.3525629554075,797.8500496372627,194.34437298946168,289.1425429553297,1,-1,-1,-1
107,64,832.9545960827064,712.8809469263081,240.95264435244863,240.01429553264796,1,-1,-1,-1
107,65,1455.56286744569,773.0636731576942,251.02892822419312,234.94194730813476,1,-1,-1,-1
107,66,1810.8515272394989,826.2506300114547,108.1484727605015,225.32691867125178,1,-1,-1,-1
107,70,89.6040566784768,634.274089347081,262.7445549358086,256.69571592210957,1,-1,-1,-1
107,71,1613.7340062543794,160.53088965253895,238.96702467346083,219.34478808705745,1,-1,-1,-1
107,73,872.5422249486812,162.52493318060368,258.4083240316757,241.82762886598076,1,-1,-1,-1
107,74,254.79583798416564,36.893959526537095,216.29694552099272,335.005544100803,1,-1,-1,-1
107,76,562.6699833912421,117.55925162275679,252.29704128222747,217.7246277205042,1,-1,-1,-1
107,77,1248.8040758307195,1.0074074074074166,241.6701509734073,265.0333104238259,1,-1,-1,-1
107,78,1.0000000000004594,136.60236731576967,177.06806996548363,251.24948453608297,1,-1,-1,-1
107,67,1.0000000000005294,827.8874074074084,107.9999186029535,165.01333333333406,1,-1,-1,-1
107,68,495.01997212283715,706.7567407407427,319.40004522058257,182.3407407407424,1,-1,-1,-1
107,72,1460.5472228443725,304.3817373737385,167.0727359782933,153.46111784511712,1,-1,-1,-1
107,75,1876.7000255363273,243.14785185185193,42.2999744636713,96.83200000000011,1,-1,-1,-1
107,69,1328.9099877904455,803.1253333333345,143.64007086331299,108.43733333333262,1,-1,-1,-1
108,63,574.9112635972034,869.6418480335974,210.5444160820158,217.35074455899647,1,-1,-1,-1
108,64,830.4370846736946,792.642688048874,237.35263477632554,238.20096219931474,1,-1,-1,-1
108,65,1456.2803740666445,848.475906834672,242.02890428388758,238.56861397479946,1,-1,-1,-1
108,66,1809.0515224514395,899.5525009545595,109.94847754856232,187.44009163803688,1,-1,-1,-1
108,70,88.34218185612383,721.4698739977102,259.1445453596881,253.06904925544202,1,-1,-1,-1
108,71,1615.175257731966,236.3045437189766,233.5670103092759,232.0381214203907,1,-1,-1,-1
108,73,874.3422297367426,193.8812676594121,244.00828572718163,286.96778923253385,1,-1,-1,-1
108,74,252.99583319610267,115.57143948071801,227.64134245076622,327.75221076746976,1,-1,-1,-1
108,76,558.1668523032407,216.36410843833536,261.29706522253304,197.77796105383723,1,-1,-1,-1
108,77,1250.969072164954,34.90614738449808,242.20828093911382,307.81177548682683,1,-1,-1,-1
108,78,1.000000000000253,222.3462390225282,178.86807475354613,236.74281786941592,1,-1,-1,-1
108,67,0.9999999999982557,907.674074074076,107.9999186029535,116.05333333333422,1,-1,-1,-1
108,68,493.0599669091711,790.3917037037054,317.2000393685067,177.3037037037038,1,-1,-1,-1
108,72,1455.4090273584504,380.225319865321,167.89091997286667,149.6663973063966,1,-1,-1,-1
108,75,1871.9000127681627,313.7872592592594,47.09998723183558,96.46933333333338,1,-1,-1,-1
108,69,1331.2049938952227,886.629333333334,130.3200354316565,104.08533333333297,1,-1,-1,-1
109,63,639.3402061855762,935.445284459713,140.9010740203848,151.54730813288316,1,-1,-1,-1
109,64,831.5133446051187,875.6239786177898,232.67636526878076,211.3686139748031,1,-1,-1,-1
109,65,1456.8185040323617,919.4929362352041,240.965120823831,167.49965635739042,1,-1,-1,-1
109,66,1818.0515463917484,971.3380679648691,100.9484536082526,115.65452462773165,1,-1,-1,-1
109,70,91.75657654132294,793.9782817869446,259.1445453596879,258.5090492554424,1,-1,-1,-1
109,71,1615.1752577319678,318.0603283696067,213.7731958762849,219.34478808705745,1,-1,-1,-1
109,73,870.7422201606211,274.19137075219567,247.60829530330602,276.087789232534,1,-1,-1,-1
109,74,252.9958331961048,199.3212676594122,216.8413137223949,320.49887743413683,1,-1,-1,-1
109,76,561.7668618793631,264.3956319205805,257.69705564641123,223.16462772050372,1,-1,-1,-1
109,77,1247.9071925545409,116.66193203512802,238.60827136299275,258.85177548682674,1,-1,-1,-1
109,78,1.0,304.102023673158,166.26804123711335,251.24948453608306,1,-1,-1,-1
109,67,1.0000000000000713,989.0725925925918,107.99991860295354,97.9200000000016,1,-1,-1,-1
109,68,491.0999616955051,874.0266666666681,315.0000335164308,172.26666666666515,1,-1,-1,-1
109,72,1452.1908369797964,454.73912457912587,168.70910396744011,172.82989898989823,1,-1,-1,-1
109,75,1867.0999999999979,384.42666666666685,51.899999999999864,96.10666666666664,1,-1,-1,-1
109,69,1333.5,970.1333333333334,117.0,99.73333333333332,1,-1,-1,-1
110,64,851.3133972737977,1023.1831996945313,154.7567441234829,63.80939289806025,1,-1,-1,-1
110,70,85.82467044711926,951.3976326842268,262.7445549358084,135.5949599083653,1,-1,-1,-1
110,71,1602.3958475602992,465.6195494463533,240.77326769721185,219.3447880870574,1,-1,-1,-1
110,73,861.5628195650754,422.65414280259665,254.80831445555768,281.52778923253413,1,-1,-1,-1
110,74,236.97516675878558,352.8626193203525,222.24132808657941,302.1910652920974,1,-1,-1,-1
110,76,552.7730761747455,426.10009927453245,271.7321024047438,209.9229324169556,1,-1,-1,-1
110,77,1244.486559633656,270.20328369606744,244.00828572717796,258.8517754868267,1,-1,-1,-1
110,78,1.0000000000004543,463.0771439480735,158.3505154639175,211.91697594501636,1,-1,-1,-1
110,68,514.5000239403114,1019.8992592592604,291.5999712716286,67.09333333333358,1,-1,-1,-1
110,72,1448.9726466011398,560.9862626262641,169.52728796201345,191.46006734006644,1,-1,-1,-1
110,75,1868.1000000000001,531.3066666666666,51.899999999999864,87.03999999999998,1,-1,-1,-1
111,70,148.45360824742284,1027.171286750667,142.51546391752672,59.82130584192947,1,-1,-1,-1
111,71,1598.795842235607,553.357464681176,240.7732634457858,222.97145475372406,1,-1,-1,-1
111,73,862.6453368636138,500.60255059183027,245.80827138381798,286.9677892325338,1,-1,-1,-1
111,74,214.11952373252132,434.97982436044424,231.24130100975384,295.8475143184428,1,-1,-1,-1
111,76,552.2349929747443,492.0780145093547,273.5320412956726,226.24293241695648,1,-1,-1,-1
111,77,1248.9896907216546,349.9650248186332,229.60824742268224,258.85177548682674,1,-1,-1,-1
111,78,1.0000000000000036,555.3515082092421,158.3505154639175,197.41030927834996,1,-1,-1,-1
111,79,283.94844029650807,1.007407407407433,266.3196009406066,151.55353951890046,1,-1,-1,-1
111,80,628.1814326495781,1.0074074074074155,187.3237219895975,98.79862542955331,1,-1,-1,-1
111,81,1746.7938144329892,1.0074074074074246,172.20618556701015,114.38955326460487,1,-1,-1,-1
111,82,879.9340632161209,1.0074074074074297,119.46797201607772,53.63353951890032,1,-1,-1,-1
111,83,1155.77938410565,1.0074074074074086,253.18766081415117,151.5223825887744,1,-1,-1,-1
111,72,1445.7544562224834,630.9667340067357,170.34547195658678,191.95690235690108,1,-1,-1,-1
111,75,1867.0999999999997,607.4666666666667,51.899999999999864,87.03999999999996,1,-1,-1,-1
112,71,1595.1958496651957,621.1549446353573,246.1732437985416,235.66478808705753,1,-1,-1,-1
112,73,858.6865739770175,579.2800305460104,260.20829268259945,286.96778923253385,1,-1,-1,-1
112,74,205.1195104207865,511.482550591832,243.84131964618737,286.78084765177505,1,-1,-1,-1
112,76,550.2556115314447,575.2919434898815,273.53204129566967,222.6162657502897,1,-1,-1,-1
112,77,1230.810285317232,418.6660557464676,267.4083033319826,267.9184421534935,1,-1,-1,-1
112,78,1.0000000000000036,643.0894234440644,158.3505154639175,197.41030927834996,1,-1,-1,-1
112,79,278.5484323094659,1.0074074074074617,271.71960892765117,230.76691867124853,1,-1,-1,-1
112,80,618.2845254330844,1.0074074074074473,213.7794107291264,167.4996563573887,1,-1,-1,-1
112,81,1746.7938144329926,40.88827796869042,172.20618556701015,147.55922107674715,1,-1,-1,-1
112,82,836.7339993197756,1.0074074074074295,162.668035912419,131.60687285223364,1,-1,-1,-1
112,83,1150.3793761186062,1.007407407407407,253.187660814151,231.30904925544104,1,-1,-1,-1
112,84,1542.8412530874923,1.007407407407407,193.43503024760767,99.86419243986259,1,-1,-1,-1
112,72,1441.3362626517899,703.5916498316516,171.1636559511601,194.19151515151418,1,-1,-1,-1
112,75,1867.0999999999979,681.3700740740744,51.899999999999864,83.17155555555613,1,-1,-1,-1
113,71,1614.9958789510158,700.0069033982434,222.7732091880232,235.6647880870574,1,-1,-1,-1
113,73,858.8659527579706,658.3189308896538,256.60828735790454,285.1544558992001,1,-1,-1,-1
113,74,206.91951308313085,595.232378770525,238.441311659143,277.7141809851091,1,-1,-1,-1
113,76,547.5587149643422,659.041771668576,271.73203863332026,213.54959908362244,1,-1,-1,-1
113,77,1228.6515250929758,501.5123329515086,244.00826872146538,266.1051088201598,1,-1,-1,-1
113,78,1.0,718.5016571210406,158.3505154639175,197.41030927834996,1,-1,-1,-1
113,79,285.03092783505303,40.88827796869044,257.31958762886785,270.10565864833956,1,-1,-1,-1
113,80,617.5670103092815,29.827567773959593,208.3794027420793,222.9776861397488,1,-1,-1,-1
113,81,1746.7938144329921,34.90614738449794,172.2061855670101,228.5921649484541,1,-1,-1,-1
113,82,834.9339966574282,1.5495379915998677,182.46806519824685,228.77910652921005,1,-1,-1,-1
113,83,1148.5793734562574,65.42955326460493,253.18766081415234,238.56238258877423,1,-1,-1,-1
113,84,1532.0412371134025,1.0074074074074184,207.8350515463917,174.2108591065292,1,-1,-1,-1
113,85,1.0000000000003926,1.0074074074074069,107.6103279147847,138.50501718213258,1,-1,-1,-1
113,72,1436.918069081094,775.7128619528635,171.98183994573344,199.5490909090902,1,-1,-1,-1
113,75,1867.099999999996,755.273481481482,51.899999999999864,79.30311111111226,1,-1,-1,-1
114,71,1605.9958571364195,779.2265139366183,220.97321502852884,235.66478808705693,1,-1,-1,-1
114,73,859.5896763574688,738.8035127911444,258.40832403167275,283.1541809851094,1,-1,-1,-1
114,74,200.63504089700746,675.7169606720142,238.42888195347064,266.11757159221315,1,-1,-1,-1
114,76,545.758671913428,731.7308896525395,271.7321024047414,220.8029324169562,1,-1,-1,-1
114,77,1226.8515032992004,577.2859870179464,245.80829051523833,266.10510882016,1,-1,-1,-1
114,78,1.0000000000012184,809.6917602138237,153.67423745351397,197.41030927834996,1,-1,-1,-1
114,79,276.210293304266,116.66193203512776,268.11960360295467,273.7323253150062,1,-1,-1,-1
114,80,612.8845174460436,101.0710042000766,217.37941605382215,226.95954180985174,1,-1,-1,-1
114,81,1746.7938144329903,109.2278885070638,172.2061855670101,230.40549828178757,1,-1,-1,-1
114,82,830.6164762089265,82.76319205803743,181.38557765970316,210.45883161512086,1,-1,-1,-1
114,83,1150.020618556703,134.31129438717093,249.58765548945487,242.18904925544106,1,-1,-1,-1
114,84,1528.0824742268048,32.00232149675456,207.8350515463917,220.25457044673607,1,-1,-1,-1
114,85,1.0000000000011111,34.91964872088591,121.11034788239236,123.09168384879926,1,-1,-1,-1
114,72,1432.4998755103984,884.100740740742,172.80002394030683,168.6399999999993,1,-1,-1,-1
114,75,1867.0999999999942,829.1768888888897,51.899999999999864,75.43466666666843,1,-1,-1,-1
115,71,1596.1855403868456,943.6021687667012,231.77322249975856,143.39042382589122,1,-1,-1,-1
115,73,859.5896827346089,896.6549064528405,229.60824742268787,190.3376861397526,1,-1,-1,-1
115,74,197.9319294770659,843.6611225658667,237.98354242750986,241.47243986254594,1,-1,-1,-1
115,76,541.2618130725443,880.0960366552121,272.4495537571241,207.66717067583332,1,-1,-1,-1
115,77,1222.441205165238,737.1833524245906,254.80828469555456,269.73177548682764,1,-1,-1,-1
115,78,1.0000000000028106,994.1823291332589,130.28663254866333,92.81026345934114,1,-1,-1,-1
115,79,272.6102879795713,273.4622985872475,271.71960892765054,271.9189919816729,1,-1,-1,-1
115,80,611.6288659793876,258.2390225276827,206.57940007972988,223.33287514318502,1,-1,-1,-1
115,81,1746.7938144329903,262.22710958381066,172.2061855670101,221.33883161512082,1,-1,-1,-1
115,82,817.2989424486873,242.28667430316946,199.38560428318235,212.27216494845442,1,-1,-1,-1
115,83,1162.8000159740886,298.73264604811015,235.18763419067565,231.30904925544127,1,-1,-1,-1
115,84,1520.1649484536083,194.42962962962966,207.8350515463917,209.374570446736,1,-1,-1,-1
115,85,1.0000000000002198,203.01855670103132,102.21031992774196,114.93168384879911,1,-1,-1,-1
115,75,1867.0999999999997,984.3780740740744,51.899999999999864,64.01066666666871,1,-1,-1,-1
116,71,1615.1752577319687,1023.183199694539,213.7731958762849,63.809392898058185,1,-1,-1,-1
116,73,857.7896800722616,971.3380679648658,208.00821547451508,115.65452462772686,1,-1,-1,-1
116,74,189.8288100700828,926.3786177930448,259.1382348497228,160.6139747995476,1,-1,-1,-1
116,76,538.5649165054397,961.3678503245457,255.16704225745355,125.62474226804733,1,-1,-1,-1
116,77,1230.6309065362748,817.2940511645677,244.0082687214657,269.73177548682685,1,-1,-1,-1
116,79,275.8515357423628,356.4892859870177,264.5195982782597,266.4789919816732,1,-1,-1,-1
116,80,608.0288606546889,330.5667201221841,206.57940007973374,225.14620847651838,1,-1,-1,-1
116,81,1746.7938144329903,338.00076365024836,172.2061855670101,221.33883161512082,1,-1,-1,-1
116,82,807.7607927940973,320.05437189767144,208.38561759491955,237.65883161512053,1,-1,-1,-1
116,83,1163.8762886597958,374.50630011454786,231.5876288659781,231.309049255441,1,-1,-1,-1
116,84,1523.406196216405,304.65038564337607,209.63505420874154,198.49457044673596,1,-1,-1,-1
116,85,1.0000000000008018,278.7922107674689,125.61035453826187,123.9983505154659,1,-1,-1,-1
116,86,1740.0556674407496,1.007407407407407,166.26804123710977,109.84064146620858,1,-1,-1,-1
116,75,1867.0999999999972,1052.53925925926,51.899999999999864,34.45333333333437,1,-1,-1,-1
117,74,236.26390687638423,1013.2129820542109,192.9031087575976,73.77961053838155,1,-1,-1,-1
117,77,1245.0309278350587,902.6432684230605,229.6082474226827,184.34932416953222,1,-1,-1,-1
117,79,265.0515197682796,434.6184039709811,280.71962223938874,268.2923253150066,1,-1,-1,-1
117,80,603.8845041343028,406.52108438335273,215.57941339147402,230.58620847651852,1,-1,-1,-1
117,81,1746.793814432991,429.72676594119935,172.20618556701007,209.37457044673573,1,-1,-1,-1
117,82,820.1814326495794,397.8220694921728,190.38559097144153,221.33883161512088,1,-1,-1,-1
117,83,1163.8762886598015,449.9123024054997,227.9938383941173,263.94904925544085,1,-1,-1,-1
117,84,1521.0680572112049,331.4515769377635,211.07629930918418,251.46135166093998,1,-1,-1,-1
117,85,1.0000000000034168,355.8308361970226,113.0103359018244,134.87835051546543,1,-1,-1,-1
117,87,373.3793628068651,1.0074074074074149,225.8412930227043,105.68430698739984,1,-1,-1,-1
117,88,732.3711340206193,1.0074074074074073,160.32989690721647,112.57621993127158,1,-1,-1,-1
117,89,1157.9381443298976,6.442254137558244e-14,224.39383306942293,121.63042382588779,1,-1,-1,-1
117,86,1741.8556701031023,1.0074074074073893,177.06805721119363,186.00064146620846,1,-1,-1,-1
118,77,1245.0309278350628,978.5976326842267,226.379429365554,108.39495990836733,1,-1,-1,-1
118,79,266.8515224306239,505.5004200076371,273.5196115899986,284.61232531500565,1,-1,-1,-1
118,80,610.9051360027432,482.4754486445212,206.5794000797352,232.3995418098512,1,-1,-1,-1
118,81,1746.7938144329903,500.24113020236814,172.2061855670101,218.44123711340217,1,-1,-1,-1
118,82,821.9814353119276,483.56594119893117,192.18559363379106,215.89883161512103,1,-1,-1,-1
118,83,1163.8762886597988,532.0357388316161,222.59383040707138,222.24238258877375,1,-1,-1,-1
118,84,1526.2824715644647,408.3157235586117,196.68249286323916,259.43129438717153,1,-1,-1,-1
118,85,1.0000000000020295,434.3276059564735,126.14849088111428,138.13736540664644,1,-1,-1,-1
118,87,353.21436110630265,1.0074074074074215,251.75884541938285,171.48774341351682,1,-1,-1,-1
118,88,732.3711340206206,85.12488736158839,160.3298969072166,85.37621993127168,1,-1,-1,-1
118,89,1153.9793814433012,1.9940435280642084,211.79381443298897,199.03046964490312,1,-1,-1,-1
118,86,1725.7319188276745,1.007407407407444,193.2680811723289,258.68975945017246,1,-1,-1,-1
118,90,241.8619382028873,1.620160366552176,154.20615894353534,75.20659793814436,1,-1,-1,-1
119,79,283.0515463917537,593.2383352424591,257.31958762886774,259.22565864833956,1,-1,-1,-1
119,80,613.6082474226815,557.3455517373046,193.9793814432999,223.332875143185,1,-1,-1,-1
119,81,1746.7938144329898,585.2621611302029,172.20618556701007,209.37457044673573,1,-1,-1,-1
119,82,825.402061855671,561.3336387934327,174.18556701031176,221.33883161512088,1,-1,-1,-1
119,83,1163.8762886597967,611.7974799541819,211.7938144329874,231.30904925544064,1,-1,-1,-1
119,84,1520.16494845361,487.55402825506,184.0824742268079,245.26735395189306,1,-1,-1,-1
119,85,1.0000000000000064,518.0774341351676,89.0721649484538,125.62474226804429,1,-1,-1,-1
119,87,362.2268041237116,1.0074074074074495,235.54639175257998,235.29713631157003,1,-1,-1,-1
119,88,728.4123711340218,20.94784268804889,160.32989690721647,217.35074455899286,1,-1,-1,-1
119,89,1152.0000000000027,61.81534936998867,211.79381443298902,214.9828178694166,1,-1,-1,-1
119,86,1752.7319587628913,82.76319205803745,166.26804123710866,233.3030927835058,1,-1,-1,-1
119,90,186.0618556701033,1.6201603665521762,172.206185567011,149.553264604811,1,-1,-1,-1
120,79,283.0515463917539,728.8332951508214,257.31958762886785,311.0707903780095,1,-1,-1,-1
120,80,603.7113402061866,722.851164566629,193.9793814432999,223.332875143185,1,-1,-1,-1
120,81,1746.793814432991,738.8035127911421,172.20618556701007,225.32691867124925,1,-1,-1,-1
120,82,827.3814432989702,718.8630775105003,174.18556701031176,221.33883161512088,1,-1,-1,-1
120,83,1164.8659793814459,733.4341351660948,211.7938144329874,231.30904925544064,1,-1,-1,-1
120,84,1516.2061855670117,669.0119893088984,184.0824742268079,221.33883161512261,1,-1,-1,-1
120,85,0.9999999999999993,679.5949599083635,89.0721649484538,131.60687285223676,1,-1,-1,-1
120,87,358.268041237114,160.5308896525392,235.54639175257998,235.29713631157003,1,-1,-1,-1
120,88,724.4536082474239,194.42962962962963,160.32989690721647,217.35074455899297,1,-1,-1,-1
120,89,1152.0000000000027,207.38052691867134,211.79381443298902,214.9828178694166,1,-1,-1,-1
120,86,1752.7319587628913,240.29263077510504,166.26804123710866,233.3030927835058,1,-1,-1,-1
120,90,146.47422680412402,33.52485681557849,219.71134020618743,259.22565864834024,1,-1,-1,-1
121,79,263.6102746678314,813.8086292478025,276.7608593527931,273.1839633447923,1,-1,-1,-1
121,80,596.6907083377506,828.5417029400538,174.17935215747244,203.38620847651936,1,-1,-1,-1
121,81,1746.7938144329903,814.5771668575799,172.20618556701007,225.32691867124925,1,-1,-1,-1
121,82,801.2845121213458,809.1371668575803,204.24126107453571,221.33883161512017,1,-1,-1,-1
121,83,1165.8556701030968,844.1907903780084,218.99382508237684,242.18904925544106,1,-1,-1,-1
121,84,1528.8062042034499,737.7130202367346,200.28249818793788,252.16549828178964,1,-1,-1,-1
121,85,1.0000000000026792,761.7183963344811,123.27221553305998,147.92687285223718,1,-1,-1,-1
121,87,343.68864115738046,236.6659641084381,266.14643701249116,247.9904696449035,1,-1,-1,-1
121,88,719.2329790413324,254.25093547155416,183.36495910300127,255.97287514318575,1,-1,-1,-1
121,89,1146.0618556701104,283.1541809851091,238.79385436820263,234.92948453608318,1,-1,-1,-1
121,86,1738.331937464109,310.0841542573502,180.6680625358944,260.6838029782366,1,-1,-1,-1
121,90,138.90924373999857,106.39468499427262,259.311398777837,282.7989919816741,1,-1,-1,-1
122,79,274.4102906419206,895.1967621229458,260.7464290254485,191.7958304696551,1,-1,-1,-1
122,80,600.8288500052965,919.3059946544453,164.2886597938182,167.68659793814717,1,-1,-1,-1
122,81,1732.3937931342102,893.5703703703698,186.6062068657924,193.42222222222398,1,-1,-1,-1
122,82,802.3607848070577,898.100588010688,209.6474839144099,188.89200458190518,1,-1,-1,-1
122,83,1165.8556701030977,895.4875601374578,211.79381443298763,190.89227949599282,1,-1,-1,-1
122,84,1522.144329896908,827.2642688048888,193.0824875385466,243.09883161512312,1,-1,-1,-1
122,85,1.0000000000013678,839.8475143184445,96.27217559784435,151.5535395189036,1,-1,-1,-1
122,87,338.1092543893855,324.0424589537997,268.8433335795974,251.6171363115699,1,-1,-1,-1
122,88,722.4742268041264,330.0245895379918,176.1649484536095,257.78620847651945,1,-1,-1,-1
122,89,1144.7999893506144,365.9942268041247,240.59385703054974,231.30281786941634,1,-1,-1,-1
122,86,1729.33192415237,399.816113020237,189.66807584763342,249.80380297823658,1,-1,-1,-1
122,90,140.17111005949099,172.92096219931304,256.42890857694726,290.0523253150069,1,-1,-1,-1
123,79,283.7628466627242,985.296372661321,249.59387034229775,101.69621993128398,1,-1,-1,-1
123,80,625.484536082476,1007.2308514700269,150.43298969072677,79.76174112257057,1,-1,-1,-1
123,81,1734.1937957965567,971.3380679648677,184.80620420344576,115.6545246277247,1,-1,-1,-1
123,82,829.3608247422744,973.3321114929355,177.24743599215063,113.66048109966229,1,-1,-1,-1
123,83,1185.6556993889237,997.9128522336788,114.79790885850123,88.46698739977619,1,-1,-1,-1
123,84,1543.9175257731972,905.5346315387533,168.24742268042124,181.4579610538433,1,-1,-1,-1
123,85,1.000000000002318,922.8682703321892,96.27217559784397,151.5535395189038,1,-1,-1,-1
123,87,343.86801993833103,399.8161130202369,259.8433202678582,233.84522336769865,1,-1,-1,-1
123,88,724.4536082474245,411.78037418862186,176.1649484536095,253.7918900343654,1,-1,-1,-1
123,89,1144.6206105696663,450.6538373424982,245.99386501759415,231.30281786941626,1,-1,-1,-1
123,86,1738.3319374641094,483.5659411989309,180.66806253589135,235.29713631156986,1,-1,-1,-1
123,90,133.3298569720007,266.82794959908347,254.62890591460163,262.8523253150069,1,-1,-1,-1
124,84,1575.5876288659808,995.2665903016399,136.57731958764032,91.72600229095912,1,-1,-1,-1
124,87,345.30926503877686,487.55402825506104,261.64332293020686,257.41855670103035,1,-1,-1,-1
124,88,716.5360824742284,503.50637647957257,176.1649484536095,239.28522336769876,1,-1,-1,-1
124,89,1146.0618556701068,527.6924627720502,240.40826339676474,238.55615120275036,1,-1,-1,-1
124,86,1741.9319427888067,549.1824360442915,177.06805721119665,269.7504696449036,1,-1,-1,-1
124,90,135.67421083003947,360.5479954180981,269.02892721338003,230.21232531500706,1,-1,-1,-1
124,91,683.0659767190972,1.007407407407407,177.96495111595644,110.75042382588775,1,-1,-1,-1
124,92,1340.041237113404,1.0074074074074073,195.95876288659792,62.905841924398636,1,-1,-1,-1
124,93,336.85981777556333,1.007407407407415,112.4597698533054,67.79747995418106,1,-1,-1,-1
125,87,349.8061642682308,652.1498587247047,259.8433202678562,250.16522336769876,1,-1,-1,-1
125,88,723.5504994898382,676.2715540282563,235.5650363110821,224.77855670103293,1,-1,-1,-1
125,89,1154.3381390052086,693.3787857961062,233.20825274737885,236.74281786941623,1,-1,-1,-1
125,86,1736.5319348017633,711.9711645666284,182.4680651982397,266.12380297823614,1,-1,-1,-1
125,90,142.32987028374114,506.11317296678243,264.1732704220282,236.92975945017173,1,-1,-1,-1
125,91,680.9072164948457,68.80488736158844,176.16494845360816,195.04238258877527,1,-1,-1,-1
125,92,1332.841226464017,3.0014509354715093,274.9608566904405,215.3567010309282,1,-1,-1,-1
125,93,332.53608247422767,92.73340969835819,128.65979381443412,129.61282932416995,1,-1,-1,-1
125,94,1103.7897599426904,1.0074074074074055,205.3051040545698,203.39867124856818,1,-1,-1,-1
125,95,1652.7835051546392,1.0074074074074146,231.5876288659795,159.5234822451317,1,-1,-1,-1
125,96,1.9793814432988537,1.0074074074074133,265.237113402062,172.39752577319584,1,-1,-1,-1
126,87,346.02678016258255,736.8094692630783,261.6433229302057,239.2852233676984,1,-1,-1,-1
126,88,723.5504994898365,767.8043833524255,244.731998698102,214.64009163803374,1,-1,-1,-1
126,89,1156.855656791358,777.6769759450182,238.60826073441808,227.67615120274954,1,-1,-1,-1
126,86,1752.731958762891,802.6129056891943,166.26804123710866,235.29713631156986,1,-1,-1,-1
126,90,140.88862518329404,582.2482474226815,237.17323048681243,240.5564261168385,1,-1,-1,-1
126,91,687.2041183866459,152.5547155402827,179.7649537783055,196.8557159221086,1,-1,-1,-1
126,92,1333.73812036877,37.6230316914853,269.56084870339936,269.56352806414765,1,-1,-1,-1
126,93,334.51546391752663,188.4474990454373,116.78350515464123,121.63665521191339,1,-1,-1,-1
126,94,1101.791733940888,41.61111874761374,208.55878152303697,251.07500572737825,1,-1,-1,-1
126,95,1656.7422680412483,25.65877052310043,259.29896907216346,213.91101947308204,1,-1,-1,-1
126,96,1.0000000000014984,1.0074074074074069,265.2371134020606,243.2733104238264,1,-1,-1,-1
127,87,349.268027925376,813.4866743031699,261.64332293020465,251.97855670103198,1,-1,-1,-1
127,88,723.3711207088863,802.6129056891962,246.53200136045095,257.77997709049373,1,-1,-1,-1
127,89,1157.9381443299003,855.6897747231757,229.60824742267872,231.30281786941714,1,-1,-1,-1
127,86,1752.7319587628913,881.6061092019822,166.26804123710863,205.38648339061015,1,-1,-1,-1
127,90,141.9711127218397,662.009988545247,269.57327840906913,244.18309278350594,1,-1,-1,-1
127,91,690.8041237113408,230.32241313478443,176.16494845360816,195.04238258877527,1,-1,-1,-1
127,92,1336.4412317887134,121.3728598701795,274.9608566904403,265.93686139748115,1,-1,-1,-1
127,93,332.53608247422767,258.2390225276824,116.78350515464123,121.63665521191339,1,-1,-1,-1
127,94,1103.5917366032393,126.63214967544884,215.7587921724232,243.8216723940447,1,-1,-1,-1
127,95,1656.7422680412428,112.67384497899961,259.29896907216323,208.4710194730818,1,-1,-1,-1
127,96,1.0000000000005145,79.31723558610173,268.83711872675656,241.8276288659797,1,-1,-1,-1
128,87,349.26802792537575,897.5584574264976,254.44331228081444,189.4341351660972,1,-1,-1,-1
128,88,716.53608247423,883.6001527300484,217.73195876288784,203.39243986254564,1,-1,-1,-1
128,89,1157.9381443299058,937.0841389843443,231.9526012807112,149.90845360825332,1,-1,-1,-1
128,86,1752.7319587628913,963.3618938526095,166.26804123710863,123.6306987399832,1,-1,-1,-1
128,90,152.41237113402264,745.3983963344803,226.37321451272507,236.92975945017187,1,-1,-1,-1
128,91,690.8041237113428,300.1139366170296,176.16494845360816,211.36238258877515,1,-1,-1,-1
128,92,1334.4618503454121,201.49602138220686,269.5608487033972,264.1235280641478,1,-1,-1,-1
128,93,336.4948453608256,338.0007636502485,116.78350515464123,121.63665521191339,1,-1,-1,-1
128,94,1105.3917392655844,204.39984726995067,212.1587868477273,245.63500572737794,1,-1,-1,-1
128,95,1658.7216494845377,200.41176021382208,259.298969072163,199.4043528064151,1,-1,-1,-1
128,96,1.0000000000000004,164.51897670866754,265.237113402062,227.32096219931304,1,-1,-1,-1
129,87,358.26804123711673,977.6753875525005,245.44329896907533,109.31720504009849,1,-1,-1,-1
129,88,768.0000000000027,963.3618938526148,166.26804123711648,123.63069873998371,1,-1,-1,-1
129,89,1157.9381443299026,1023.5570828560512,215.75257731958433,63.43550973654937,1,-1,-1,-1
129,86,1752.7319587628913,1041.1295914471164,166.26804123710858,45.863001145484915,1,-1,-1,-1
129,90,140.1711100594906,823.1660939289812,237.17323048681197,242.36975945017156,1,-1,-1,-1
129,91,694.9422653788903,386.94830087819804,177.96495111595598,196.8557159221086,1,-1,-1,-1
129,92,1334.9999866882715,287.05918289423494,282.16086733982735,271.3768613974808,1,-1,-1,-1
129,93,344.41237113402144,427.7327224131352,108.86597938144585,113.6604810996566,1,-1,-1,-1
129,94,1101.7917339408896,286.15563192058073,224.7588054841631,234.75500572737832,1,-1,-1,-1
129,95,1659.7010309278373,284.523008781978,259.298969072163,199.4043528064151,1,-1,-1,-1
129,96,1.0,248.26880488736168,265.237113402062,227.32096219931304,1,-1,-1,-1
129,97,1217.319587628866,0.0,71.25773195876286,39.5069873997709,1,-1,-1,-1
130,90,195.95876288659863,985.296372661321,184.08247422680773,101.69621993127379,1,-1,-1,-1
130,91,688.5525666701984,538.5953111874766,176.16494845360816,195.04238258877527,1,-1,-1,-1
130,92,1336.3484349718217,455.48108438335305,280.3608646774838,253.2435280641475,1,-1,-1,-1
130,93,346.5711313582719,584.4583123329522,108.86597938144585,113.6604810996566,1,-1,-1,-1
130,94,1111.4226804123741,444.23966399389093,203.1587735359916,242.00833906071145,1,-1,-1,-1
130,95,1659.7010309278378,452.49001909125656,259.298969072163,194.4192439862545,1,-1,-1,-1
130,96,1.0000000000007714,419.0461702940054,274.2371267137999,221.33883161512037,1,-1,-1,-1
130,97,1197.5257731958889,1.6105635343895603e-15,167.17114999469575,185.07216494845505,1,-1,-1,-1
130,98,938.2268041237124,1.0074074074073907,168.24742268041237,109.67239404352812,1,-1,-1,-1
130,99,494.84536082474233,1.6201603665521191,199.91752577319585,123.63069873997708,1,-1,-1,-1
130,100,1611.2164948453617,1.007407407407438,176.16494845361305,231.30904925544138,1,-1,-1,-1
131,91,687.5628759485481,623.1489881634214,183.36495910299988,195.04238258877527,1,-1,-1,-1
131,92,1348.496899229459,531.4229858724709,269.560848703398,264.12352806414754,1,-1,-1,-1
131,93,343.32988359547863,663.2105689194357,116.06599003083674,113.6604810996566,1,-1,-1,-1
131,94,1108.453608247425,533.4170294005346,195.95876288660068,229.3150057273781,1,-1,-1,-1
131,95,1659.701030927837,533.4170294005352,259.298969072163,189.43413516609394,1,-1,-1,-1
131,96,1.0000000000028513,495.53020236731646,272.4371240514505,222.61003436426108,1,-1,-1,-1
131,97,1173.7731958763027,38.248247422680464,191.4618636571362,217.16380297823744,1,-1,-1,-1
131,98,949.0268200978029,1.0074074074074875,171.84742800510628,185.44604810996563,1,-1,-1,-1
131,99,494.84536082474517,1.6201603665521005,199.91752577319642,209.38080183276068,1,-1,-1,-1
131,100,1604.7402141726175,44.87636502481875,182.64122912636654,262.85855670103166,1,-1,-1,-1
131,101,186.06185567010345,1.0074074074074133,233.56701030927834,241.2854982817869,1,-1,-1,-1
132,91,689.5422573918504,698.9226422298594,188.7649670900403,200.48238258877544,1,-1,-1,-1
132,92,1346.6968965671126,611.1847269950366,274.9608566904394,264.1235280641476,1,-1,-1,-1
132,93,345.12988625782674,744.7856433753349,116.06599003083636,113.6604810996566,1,-1,-1,-1
132,94,1112.412371134025,604.292814051165,213.95878951007734,242.00833906071216,1,-1,-1,-1
132,95,1659.7010309278373,621.1549446353578,259.298969072163,189.43413516609405,1,-1,-1,-1
132,96,1.0000000000020632,579.2800305460104,274.23712671379917,215.35670103092787,1,-1,-1,-1
132,97,1167.835051546408,123.81764032073323,197.22062920608113,205.55473081328918,1,-1,-1,-1
132,98,952.2618530077598,43.42445208094712,158.17113668296702,229.14052691867133,1,-1,-1,-1
132,99,458.6721436496744,53.465292096220004,244.7319986981064,227.32719358533868,1,-1,-1,-1
132,100,1608.1608407163562,120.65001909125642,177.2412211393255,264.12352806414737,1,-1,-1,-1
132,101,180.66184768305993,47.593249331806035,238.96701829632158,250.35216494845358,1,-1,-1,-1
133,91,687.7422547294997,772.1601221840406,188.7649670900443,204.1090492554422,1,-1,-1,-1
133,92,1347.4144116909163,691.8500190912562,267.7608460410524,262.31019473081415,1,-1,-1,-1
133,93,344.41237113402144,824.547384497901,108.86597938144585,113.6604810996566,1,-1,-1,-1
133,94,1106.4742268041266,682.6026422298596,218.9938250823836,249.26167239404546,1,-1,-1,-1
133,95,1657.7216494845422,706.8988163421169,259.2989690721634,179.1024971363111,1,-1,-1,-1
133,96,1.0000000000020632,649.6136846124479,274.2371267137992,229.8633676975943,1,-1,-1,-1
133,97,1175.752577319607,203.392439862544,198.8412530874736,186.88549828178785,1,-1,-1,-1
133,98,955.0515463917561,123.64108438335259,165.27835051546597,211.36861397480016,1,-1,-1,-1
133,99,459.0309012115792,123.25681557846507,242.9319960357576,227.32719358533873,1,-1,-1,-1
133,100,1595.3814432989714,206.39389079801475,188.04123711340947,253.24352806414728,1,-1,-1,-1
133,101,182.10309278350707,126.6321496754487,238.96701829632033,210.45883161512026,1,-1,-1,-1
134,91,691.8803963970505,853.7351966399399,183.3649591029987,198.66904925544284,1,-1,-1,-1
134,92,1358.5731852269041,770.7082092401685,260.5608353916604,267.7501947308142,1,-1,-1,-1
134,93,351.612381783414,899.4174875906849,101.66596873205668,113.66048109965669,1,-1,-1,-1
134,94,1096.5773195876354,761.8222527682324,229.79384105646795,247.44833906071224,1,-1,-1,-1
134,95,1659.701030927837,795.0043833524264,259.2989690721633,175.47583046964445,1,-1,-1,-1
134,96,2.800002662347831,725.7487590683476,274.2371267137998,228.050034364262,1,-1,-1,-1
134,97,1183.6701030928016,264.2980068728531,184.44123178869216,195.9521649484545,1,-1,-1,-1
134,98,956.0412371134062,198.4177166857582,174.1855670103128,231.67670103092905,1,-1,-1,-1
134,99,462.09277019341675,203.56068728522348,240.58764217772116,210.82648339060836,1,-1,-1,-1
134,100,1611.9402248220044,282.1675448644525,182.64122912636734,253.24352806414728,1,-1,-1,-1
134,101,184.44123178870822,206.3938907980151,229.24948986077882,211.73626575028612,1,-1,-1,-1
135,91,708.0804203581799,1001.6226040473421,172.56494312891175,85.36998854525046,1,-1,-1,-1
135,92,1349.0350355723156,930.7281252386408,278.5608620151359,156.26446735395558,1,-1,-1,-1
135,94,1096.03296839195,914.0529362352029,235.20006389634517,172.9396563573964,1,-1,-1,-1
135,95,1659.7010309278373,958.6509660175652,259.29896907216346,119.64261168385276,1,-1,-1,-1
135,96,8.193795796557026,896.8293852615474,272.4371240514518,190.16320733104536,1,-1,-1,-1
135,97,1179.711340206203,416.75509736540755,188.04123711338852,185.0721649484547,1,-1,-1,-1
135,98,956.0412371134062,350.32644520809487,174.1855670103128,241.28549828178853,1,-1,-1,-1
135,99,460.11338875011717,358.011821305842,240.58764217772085,199.94648339060902,1,-1,-1,-1
135,100,1611.7608460410534,425.7386788850714,184.44123178871354,258.68352806414737,1,-1,-1,-1
135,101,188.04123711340534,359.93524245895406,243.64951115955859,224.4295990836193,1,-1,-1,-1
136,92,1397.4432989690806,1013.2129820542183,158.35051546391526,73.77961053837834,1,-1,-1,-1
136,94,1110.4329896907307,987.2904161893836,176.16494845360498,99.70217640321782,1,-1,-1,-1
136,95,1659.7010309278362,1045.117678503242,259.2989690721635,41.87491408935192,1,-1,-1,-1
136,96,20.79381443298969,985.2963726613216,265.2371134020622,101.69621993127593,1,-1,-1,-1
136,97,1179.7113402062023,488.5406643757179,195.24124776278117,124.87697594501738,1,-1,-1,-1
136,98,961.9793814433017,424.8288965253919,174.1855670103128,239.47216494845483,1,-1,-1,-1
136,99,448.41647887127834,432.33356242840796,259.12580514405033,205.38648339060816,1,-1,-1,-1
136,100,1608.3402194973073,503.50637647957245,179.04122380167203,253.24352806414723,1,-1,-1,-1
136,101,192.00000000000344,435.7088965253928,238.24950317251484,229.86959908361897,1,-1,-1,-1
136,102,1336.620610569666,1.007407407407407,210.3649990382114,124.17906071019476,1,-1,-1,-1
136,103,462.8165001700607,1.007407407407407,187.14434320864424,88.82840778923251,1,-1,-1,-1
136,104,1066.8865979381442,1.0074074074074046,100.94845360824753,15.952348224513171,1,-1,-1,-1
136,105,1700.103066160029,1.007407407407407,158.35051546391767,79.03890034364261,1,-1,-1,-1
137,94,1110.4329896907345,1051.0998090874366,93.03092783504484,35.892783505168985,1,-1,-1,-1
137,97,1173.4082234615705,570.2964490263486,207.12375127541,125.61227949599035,1,-1,-1,-1
137,98,958.0206185567041,503.506376479573,174.18556701031284,237.6588316151212,1,-1,-1,-1
137,99,465.15463917525886,496.14295532646065,237.5257731958781,205.38648339060813,1,-1,-1,-1
137,100,1606.5402168349647,577.2859870179468,197.04125042514792,260.4968613974807,1,-1,-1,-1
137,101,192.0000000000005,515.4706376479588,225.64948453608284,231.68293241695235,1,-1,-1,-1
137,102,1344.0000000000014,1.0074074074073989,201.8969072164995,207.38052691867207,1,-1,-1,-1
137,103,430.41645224780166,1.0074074074074073,223.14439645559918,156.98730813287514,1,-1,-1,-1
137,104,1007.505154639176,1.0074074074073933,176.16494845360887,69.79152348224522,1,-1,-1,-1
137,105,1724.041237113403,38.894234440626185,158.35051546391767,123.63069873997735,1,-1,-1,-1
137,106,215.75257731958774,1.007407407407411,95.01030927835049,25.922565864833913,1,-1,-1,-1
137,107,722.4742268041239,1.0074074074074129,91.0515463917526,51.84513172966783,1,-1,-1,-1
138,97,1185.649484536103,640.0879725085938,193.97938144328575,133.22703321878606,1,-1,-1,-1
138,98,965.9381443299044,577.2859870179471,179.0474386545023,240.375715922108,1,-1,-1,-1
138,99,465.1546391752592,593.8510882016046,237.52577319587817,179.46391752577367,1,-1,-1,-1
138,100,1623.0927835051568,657.0477281405123,188.04123711340947,253.24352806414728,1,-1,-1,-1
138,101,185.69688325536916,595.2323787705251,249.04951914660052,195.41626575028613,1,-1,-1,-1
138,102,1340.9381310181602,54.8465826651394,210.89692052823884,223.70052691867207,1,-1,-1,-1
138,103,446.07833986607403,1.3688277968690745,210.71754174728483,240.7371363115703,1,-1,-1,-1
138,104,969.7113135827102,10.977625047728072,215.75879217242718,150.10162657502946,1,-1,-1,-1
138,105,1712.1649484536135,1.007407407407407,196.5031140822853,228.0500343642623,1,-1,-1,-1
138,106,156.5442979487378,1.0074074074074073,174.0186179350271,99.52146620847645,1,-1,-1,-1
138,107,716.5360824742272,64.81680030546012,96.98969072164984,67.7974799541814,1,-1,-1,-1
139,97,1185.649484536103,723.837800687288,193.97938144328575,133.22703321878606,1,-1,-1,-1
139,98,962.696896567109,649.0715540282566,175.44743332980875,245.81571592210798,1,-1,-1,-1
139,99,469.11340206185724,662.7328293241703,237.52577319587812,190.34391752577403,1,-1,-1,-1
139,100,1623.0927835051582,722.8511645666299,188.04123711340947,253.24352806414728,1,-1,-1,-1
139,101,185.51750447441518,667.9214967544881,245.4495138219075,209.92293241695222,1,-1,-1,-1
139,102,1344.0000000000036,127.53570064910281,214.4969258529313,225.5138602520056,1,-1,-1,-1
139,103,449.6783451907688,76.05198930889668,205.31753376024201,244.00861397480085,1,-1,-1,-1
139,104,975.1113215697533,78.77510500190908,208.55878152304084,144.66162657502946,1,-1,-1,-1
139,105,1707.3030768094234,62.093684612447525,205.50312739402722,235.3033676975955,1,-1,-1,-1
139,106,93.9278217398125,1.0074074074074058,239.51136949200804,158.43922107674715,1,-1,-1,-1
139,107,700.8804097087929,1.0074074074074084,213.2412743862695,204.48293241695487,1,-1,-1,-1
140,97,1181.6907216495063,865.4148911798426,193.97938144328575,164.05369988545212,1,-1,-1,-1
140,98,969.8969072165021,802.6129056891971,175.44743332980673,244.00238258877417,1,-1,-1,-1
140,99,460.1133887501175,817.1839633447893,246.52578650761816,193.97058419243993,1,-1,-1,-1
140,100,1631.0103092783547,893.5703703703696,188.04123711340947,193.42222222222497,1,-1,-1,-1
140,101,187.67626469866906,822.7340511645683,247.24951648425395,223.15839633447786,1,-1,-1,-1
140,102,1345.9793814433021,279.263718976709,210.89692052823676,223.7005269186721,1,-1,-1,-1
140,103,453.27835051546464,230.8645437189767,199.9175257731989,216.808613974801,1,-1,-1,-1
140,104,973.6700764693067,246.27476135929766,213.95878951008203,126.89594501718273,1,-1,-1,-1
140,105,1706.4824555903663,220.35219549446347,212.51754440963464,237.1167010309289,1,-1,-1,-1
140,106,46.422667100633625,36.900190912561996,285.2165214688401,271.1899198167251,1,-1,-1,-1
140,107,700.7010309278397,150.92209240167995,191.64124243809633,204.4829324169549,1,-1,-1,-1
141,97,1183.6701030928045,953.7655593738064,193.97938144328575,133.22703321878606,1,-1,-1,-1
141,98,967.9175257731997,887.5882397861777,171.84742800511304,199.4043528064174,1,-1,-1,-1
141,99,461.55463385056385,895.6745017182144,241.1257785205734,190.3439175257741,1,-1,-1,-1
141,100,1631.0103092783572,971.3380679648714,180.12371134021097,115.65452462772663,1,-1,-1,-1
141,101,195.95876288659886,911.5167621229486,225.64948453608363,175.47583046964542,1,-1,-1,-1
141,102,1345.9793814433035,357.9411989308899,209.09691786588786,223.70052691867195,1,-1,-1,-1
141,103,445.36082474227135,308.0901107292865,208.91753908493692,233.12861397480134,1,-1,-1,-1
141,104,973.6700764693128,322.7712562046594,211.9794080667801,124.54048109965866,1,-1,-1,-1
141,105,1710.082460915063,290.8665597556322,208.9175390849368,238.93003436426224,1,-1,-1,-1
141,106,47.140182224437474,116.6619320351279,283.4165188064933,251.24948453608388,1,-1,-1,-1
141,107,704.6597938144392,230.3224131347844,197.04125042513905,202.66959908362162,1,-1,-1,-1
142,97,1189.608247422701,1017.5749522718588,188.04123711338985,69.41764032073678,1,-1,-1,-1
142,98,967.9175257732002,961.367850324551,168.24742268041743,125.62474226804719,1,-1,-1,-1
142,99,467.1340206185582,979.3142420771284,235.54639175257975,107.67835051546588,1,-1,-1,-1
142,101,195.95876288659855,981.3082856051941,225.6494845360837,105.68430698740224,1,-1,-1,-1
142,102,1345.2556514666624,428.2748529973273,218.09693117762995,234.0321649484557,1,-1,-1,-1
142,103,445.3608247422709,383.86376479572374,208.91753908493607,216.808613974801,1,-1,-1,-1
142,104,984.4700924433984,366.44704085528963,201.179392092693,164.2531042382625,1,-1,-1,-1
142,105,1708.2824582527135,364.4654600992749,210.7175417472872,240.7433676975957,1,-1,-1,-1
142,106,46.7814246625348,192.07416571210376,279.81651348179946,247.62281786941733,1,-1,-1,-1
142,107,697.4597831650476,308.0901107292864,222.24128769800825,202.66959908362156,1,-1,-1,-1
142,108,688.8247422680416,1.0074074074074217,178.14432989690727,99.70217640320737,1,-1,-1,-1
142,109,1023.3402061855672,1.0074074074074184,110.84536082474207,65.80343642611682,1,-1,-1,-1
143,99,506.7216494845378,1049.1057655593738,195.9587628866015,37.886827033222005,1,-1,-1,-1
143,102,1357.8556701030948,505.50042000763654,201.89690721649956,221.33883161512188,1,-1,-1,-1
143,103,453.2783505154647,465.61954944635363,199.9175257731989,211.3686139748009,1,-1,-1,-1
143,104,975.8350515463981,489.54807178312626,211.79381443299354,109.6723940435332,1,-1,-1,-1
143,105,1717.1030927835025,449.6672012218405,199.91752577319843,215.35670103092872,1,-1,-1,-1
143,106,59.38144329896952,266.21519663993894,267.21649484536266,251.24948453608388,1,-1,-1,-1
143,107,704.6597938144387,385.85780832378845,201.89690721649373,195.4162657502883,1,-1,-1,-1
143,108,678.927835051547,3.0014509354715853,193.97938144330107,167.49965635738906,1,-1,-1,-1
143,109,995.628865979385,1.0074074074074348,144.49484536082957,135.5949599083623,1,-1,-1,-1
143,110,1250.969072164948,1.0074074074074075,106.88659793814415,71.78556701030928,1,-1,-1,-1
144,102,1344.896893904759,581.4547842688046,210.8969205282393,228.59216494845543,1,-1,-1,-1
144,103,437.2577053352866,539.3991599847272,217.91755239667742,218.62194730813434,1,-1,-1,-1
144,104,971.8762886598025,521.0851164566659,211.79381443299366,163.33709049256066,1,-1,-1,-1
144,105,1711.5237060155102,521.4527682321495,207.11753642258904,236.56833906071134,1,-1,-1,-1
144,106,42.64328299498743,353.95311187476256,285.21652146884065,232.7609621993135,1,-1,-1,-1
144,107,700.7010309278435,461.63146239022615,192.89689390475337,199.04293241695487,1,-1,-1,-1
144,108,678.9278350515477,36.35182894234457,193.97938144330107,217.17626575028794,1,-1,-1,-1
144,109,978.5319481135049,0.09762504772819815,178.6886810926051,219.17030927835202,1,-1,-1,-1
144,110,1184.7401609256556,1.0074074074074508,198.49492523126304,149.55326460481132,1,-1,-1,-1
144,111,389.9381443298994,1.0074074074074055,213.05568075248442,197.7779610538374,1,-1,-1,-1
144,112,50.20205120628063,1.0074074074074066,224.93196941227833,128.34162657502876,1,-1,-1,-1
145,102,1344.8968939047581,728.8332951508213,210.8969205282396,235.29713631157173,1,-1,-1,-1
145,103,455.2577319587639,694.9345551737309,199.9175257731989,231.3152806414672,1,-1,-1,-1
145,104,975.8350515464005,660.1260328369648,211.79381443299366,178.74730813288014,1,-1,-1,-1
145,105,1711.1649484536053,661.0358151966411,207.83505154639752,241.27926689576194,1,-1,-1,-1
145,106,50.02267242532934,511.49501336388164,282.4268280848432,221.24847651775534,1,-1,-1,-1
145,107,696.742268041244,611.1847269950375,201.89690721649373,206.2962657502878,1,-1,-1,-1
145,108,671.5484456212047,186.81487590683483,206.57940007973482,218.26052691867287,1,-1,-1,-1
145,109,979.7938144329992,144.57854142802668,178.6886810926042,217.00801832760672,1,-1,-1,-1
145,110,1180.4288553299937,43.24374188621611,190.5649697523997,238.92380297823806,1,-1,-1,-1
145,111,377.1587469125123,84.93171439480717,231.41446493786628,263.04549828178824,1,-1,-1,-1
145,112,17.449460574954077,39.074944635357085,254.62890591459822,219.70620847651878,1,-1,-1,-1
145,113,1488.4948453608263,1.007407407407423,156.2041849453373,106.77479954180995,1,-1,-1,-1
146,102,1349.9381443298983,800.6188621611306,201.89690721649956,240.73713631157156,1,-1,-1,-1
146,103,457.2371134020629,772.702252768232,199.9175257731989,211.3686139748009,1,-1,-1,-1
146,104,969.1731772398625,726.4715998472753,220.43507018283233,187.08490263459908,1,-1,-1,-1
146,105,1711.1649484536035,730.8273386788868,207.83505154639758,253.97260022909467,1,-1,-1,-1
146,106,57.4020618556712,589.2502481863338,272.4371240514545,226.05599083619552,1,-1,-1,-1
146,107,692.7835051546464,692.9405116456684,230.69694981405672,203.39243986254417,1,-1,-1,-1
146,108,672.9896907216498,268.2092401680033,193.979381443301,207.38052691867273,1,-1,-1,-1
146,109,973.8556701030989,224.3402825505922,179.94433255926506,153.5413516609403,1,-1,-1,-1
146,110,1181.8701004304376,120.83072928598719,195.9649777394421,237.11046964490455,1,-1,-1,-1
146,111,376.79998935061116,145.8372814051167,227.81445961316865,275.73883161512146,1,-1,-1,-1
146,112,21.049465899652247,115.21001909125637,251.02890058989922,228.77287514318544,1,-1,-1,-1
146,113,1471.577306275896,14.9657121038564,175.27426940168692,167.1382359679273,1,-1,-1,-1
147,102,1349.9381443299014,883.6001527300474,214.49692585293423,203.39243986254692,1,-1,-1,-1
147,103,449.31958762886796,845.3913707521958,199.9175257731989,225.87528064146758,1,-1,-1,-1
147,104,977.8082181368613,806.6009927453284,211.80002928583727,207.56746849943084,1,-1,-1,-1
147,105,1711.1649484536026,813.4866743031699,207.83505154639752,249.44238258877425,1,-1,-1,-1
147,106,44.981422000189234,671.0060328369644,286.83714535023734,222.42932416952937,1,-1,-1,-1
147,107,701.2391672706974,769.7984268804901,222.77320918802874,205.57342497136497,1,-1,-1,-1
147,108,672.9896907216498,343.98289423444083,193.979381443301,207.38052691867273,1,-1,-1,-1
147,109,971.8762886598008,294.1318060328376,187.1443432086556,153.54135166094034,1,-1,-1,-1
147,110,1176.6494712243473,197.5141657121039,204.96499105118278,226.2304696449048,1,-1,-1,-1
147,111,376.79998935060917,225.2376021382208,229.61446227551744,272.11216494845485,1,-1,-1,-1
147,112,29.69072164948685,184.45941198930905,247.4288952652056,223.33287514318556,1,-1,-1,-1
147,113,1469.597924832601,78.77510500190924,177.07427206403398,188.89823596792726,1,-1,-1,-1
148,102,1349.9381443298996,912.2271401298182,201.89690721650095,174.7654524627801,1,-1,-1,-1
148,103,451.29896907216613,931.4571974035878,199.9175257731989,155.53539518900868,1,-1,-1,-1
148,104,1006.2495031725224,868.0486903398319,182.99998668827382,209.38080183276526,1,-1,-1,-1
148,105,1707.5649431289141,890.6665444826281,211.43505687109314,169.12604810996748,1,-1,-1,-1
148,106,46.960803443488196,745.5084841542614,279.6371347008483,236.93599083619594,1,-1,-1,-1
148,107,695.4804017217507,849.5601680030563,220.97320652568195,198.3200916380312,1,-1,-1,-1
148,108,669.0309278350519,415.7684612447501,193.979381443301,207.38052691867273,1,-1,-1,-1
148,109,973.8556701030993,367.91141657121125,178.1443298969173,165.50561282932568,1,-1,-1,-1
148,110,1183.8494818737454,272.9201680030553,203.16498838882924,219.71867124857016,1,-1,-1,-1
148,111,378.77937079390944,304.1020236731579,224.21445428847397,255.79216494845426,1,-1,-1,-1
148,112,23.028847342950623,251.52781977854153,252.82890325224963,236.02620847651878,1,-1,-1,-1
148,113,1469.5979248325991,155.09088965253906,175.27426940168556,185.2715693012606,1,-1,-1,-1
148,114,1446.9278350515515,15.397754868270336,136.76291322141338,95.89479954181003,1,-1,-1,-1
149,102,1379.6288659793854,991.2785032455116,147.3773355617249,95.71408934708977,1,-1,-1,-1
149,103,465.6989903709509,1001.0617793050776,164.6474173557177,85.93081328752231,1,-1,-1,-1
149,104,1011.2783238919948,927.4691103474574,174.37116064411455,159.52348224513986,1,-1,-1,-1
149,105,1697.309278350514,971.3380679648716,222.23507284518217,115.65452462772515,1,-1,-1,-1
149,106,46.960803443488935,812.215471554032,283.2371400255425,240.56265750286303,1,-1,-1,-1
149,107,702.6804123711436,906.0705307369221,221.3443937932515,170.0420618556741,1,-1,-1,-1
149,108,670.2927941545491,480.6621153111881,197.57938676799623,218.26052691867287,1,-1,-1,-1
149,109,970.7938011212576,451.66124474990545,183.54433788396045,165.5056128293257,1,-1,-1,-1
149,110,1185.6494845360867,345.9769377625054,203.16498838883348,185.26533791523607,1,-1,-1,-1
149,111,380.57937345625777,374.797098129057,224.2144542884726,248.5388316151208,1,-1,-1,-1
149,112,27.71134020618678,338.00076365024836,251.02890058990238,223.33287514318548,1,-1,-1,-1
149,113,1467.6185433892945,234.6719205803744,178.87427472638558,183.45823596792738,1,-1,-1,-1
149,114,1440.989690721658,95.3402061855671,143.96292387080118,90.45479954180986,1,-1,-1,-1
149,115,1467.0804070464403,5.608247422680418,192.36497241473768,115.65452462772052,1,-1,-1,-1
149,116,1207.422680412371,1.0074074074074078,160.3298969072166,65.80343642611682,1,-1,-1,-1
150,106,61.36082474226863,968.0728216876679,265.23711340206364,118.91977090492784,1,-1,-1,-1
150,108,665.9690588532089,645.8063077510508,202.97939475504063,207.38052691867364,1,-1,-1,-1
150,109,975.8350515464,593.7804658266527,190.74434853334986,186.89796105383815,1,-1,-1,-1
150,110,1183.6701030927854,499.518289423445,176.16494845361868,183.452004581903,1,-1,-1,-1
150,111,383.0968912424087,535.4110729285993,220.61444896377864,203.39243986254337,1,-1,-1,-1
150,112,30.766994335192873,479.390912562047,251.02890058990238,228.77287514318544,1,-1,-1,-1
150,113,1472.6597938144353,387.8518518518519,170.22680412371705,175.47583046964735,1,-1,-1,-1
150,114,1444.9484536082518,224.9530355097368,138.56291588375962,97.70813287514318,1,-1,-1,-1
150,115,1466.7216494845363,59.44742268041238,186.0618556701049,209.3745704467365,1,-1,-1,-1
150,116,1182.2288579923434,1.0074074074074084,254.44331228080688,213.36265750286478,1,-1,-1,-1
150,117,1841.259772515654,1.0074074074073491,77.74022748435787,128.52856815578474,1,-1,-1,-1
150,118,944.8824635774164,2.885131729667886,254.44952713364435,197.59725085910648,1,-1,-1,-1
150,119,614.3257625464868,1.007407407407407,236.27012172921715,168.59014891179837,1,-1,-1,-1
150,120,314.72164948453576,1.0074074074074102,151.51547722926517,83.74982817869417,1,-1,-1,-1